Object kind,Source reference,Company,Location,Meter,Point,Unit,Interval minutes,Measure Type,Reading Type,Archive Interval,Index,How Created,Meter Number,Provider Meter Number,Multiplier,Utility Provider,Bill Cycle,Billing Account,Installed point ID,Installed meter ID,Installed gateway ID,Installed node ID,Status,Evidence
Meter,ved_admin_hall_main,Northlake University,Admin Hall,Admin Hall Electric Main,,,,Electric,,,,Enter,SYN-VED-M-0040001,VED-BADGE-0040001,,Valley Electric District,1,SYN-VED-A-0010001,,,,,Not entered,
Meter,ved_science_center_interval,Northlake University,Science Center,Science Center Electric Main,,,,Electric,,,,Enter,SYN-VED-M-0040002,VED-BADGE-0040002,,Valley Electric District,1,SYN-VED-A-0010002,,,,,Not entered,
Point,ch_ved_science_center_kwh_15m,Northlake University,Science Center,Science Center Electric Main,Delivered kWh 15m,kWh,15,Electric,Analog,15,,Enter,,,,,,,,,,,Not entered,
Point,ch_ved_science_center_kw_15m,Northlake University,Science Center,Science Center Electric Main,Demand kW 15m,kW,15,Electric,Analog,15,,Enter,,,,,,,,,,,Not entered,
Meter,ved_science_center_lab_wing,Northlake University,Science Center,Science Center Electric Lab Wing,,,,Electric,,,,Enter,SYN-VED-M-0040007,VED-BADGE-0040007,40,Valley Electric District,1,SYN-VED-A-0010002,,,,,Not entered,
Meter,ved_library_main_before_replacement,Northlake University,Library,Library Electric Old Meter,,,,Electric,,,,Enter,SYN-VED-M-0040003,VED-BADGE-0040003,,Valley Electric District,1,SYN-VED-A-0010003,,,,,Not entered,
Meter,ved_library_main_after_replacement,Northlake University,Library,Library Electric New Meter,,,,Electric,,,,Enter,SYN-VED-M-0040103,VED-BADGE-0040103,,Valley Electric District,1,SYN-VED-A-0010003,,,,,Not entered,
Meter,ved_student_center_interval,Northlake University,Student Center,Student Center Electric Main,,,,Electric,,,,Enter,SYN-VED-M-0040004,VED-BADGE-0040004,,Valley Electric District,1,SYN-VED-A-0010004,,,,,Not entered,
Point,ch_ved_student_center_kwh_15m,Northlake University,Student Center,Student Center Electric Main,Delivered kWh 15m,kWh,15,Electric,Analog,15,,Enter,,,,,,,,,,,Not entered,
Point,ch_ved_student_center_kw_15m,Northlake University,Student Center,Student Center Electric Main,Demand kW 15m,kW,15,Electric,Analog,15,,Enter,,,,,,,,,,,Not entered,
Meter,ved_lakeview_hall_main,Northlake University,Lakeview Residence Hall,Lakeview Hall Electric Main,,,,Electric,,,,Enter,SYN-VED-M-0040008,VED-BADGE-0040008,,Valley Electric District,1,SYN-VED-A-0010007,,,,,Not entered,
Point,ch_ved_lakeview_hall_kwh_15m,Northlake University,Lakeview Residence Hall,Lakeview Hall Electric Main,Delivered kWh 15m,kWh,15,Electric,Analog,15,,Enter,,,,,,,,,,,Not entered,
Point,ch_ved_lakeview_hall_kw_15m,Northlake University,Lakeview Residence Hall,Lakeview Hall Electric Main,Demand kW 15m,kW,15,Electric,Analog,15,,Enter,,,,,,,,,,,Not entered,
Meter,ved_recreation_center_main,Northlake University,Recreation and Aquatics Center,Recreation Center Electric Main,,,,Electric,,,,Enter,SYN-VED-M-0040009,VED-BADGE-0040009,,Valley Electric District,1,SYN-VED-A-0010008,,,,,Not entered,
Point,ch_ved_recreation_center_kwh_15m,Northlake University,Recreation and Aquatics Center,Recreation Center Electric Main,Delivered kWh 15m,kWh,15,Electric,Analog,15,,Enter,,,,,,,,,,,Not entered,
Point,ch_ved_recreation_center_kw_15m,Northlake University,Recreation and Aquatics Center,Recreation Center Electric Main,Demand kW 15m,kW,15,Electric,Analog,15,,Enter,,,,,,,,,,,Not entered,
Meter,ved_parking_structure_main,Northlake University,Parking Structure,Parking Structure Electric Main,,,,Electric,,,,Enter,SYN-VED-M-0040010,VED-BADGE-0040010,,Valley Electric District,1,SYN-VED-A-0010009,,,,,Not entered,
Meter,ved_campus_area_lighting,Northlake University,Campus Grounds,Campus Grounds Area Lighting,,,,Electric,,,,Enter,SYN-VED-M-0040011,VED-BADGE-0040011,,Valley Electric District,1,SYN-VED-A-0010010,,,,,Not entered,
Meter,ved_cedar_row_a_master,Cedar Row Apartments,Cedar Row A,Cedar Row A Electric Master,,,,Electric,,,,Enter,SYN-VED-M-0040005,VED-BADGE-0040005,,Valley Electric District,1,SYN-VED-A-0010005,,,,,Not entered,
Meter,ved_cedar_row_b_master,Cedar Row Apartments,Cedar Row B,Cedar Row B Electric Master,,,,Electric,,,,Enter,SYN-VED-M-0040006,VED-BADGE-0040006,,Valley Electric District,1,SYN-VED-A-0010006,,,,,Not entered,
Meter,ved_cedar_row_common_house_main,Cedar Row Apartments,Cedar Row Common House,Common House Electric Main,,,,Electric,,,,Enter,SYN-VED-M-0040012,VED-BADGE-0040012,,Valley Electric District,1,SYN-VED-A-0010011,,,,,Not entered,
Meter,ved_cedar_row_parking_lighting,Cedar Row Apartments,Cedar Row Carport and Grounds,Cedar Row Parking Lighting,,,,Electric,,,,Enter,SYN-VED-M-0040013,VED-BADGE-0040013,,Valley Electric District,1,SYN-VED-A-0010012,,,,,Not entered,
Meter,ved_central_plant_main,Northlake Thermal Plant,Central Plant,Central Plant Electric Service,,,,Electric,,,,Enter,SYN-VED-M-0040014,VED-BADGE-0040014,,Valley Electric District,1,SYN-VED-A-0010013,,,,,Not entered,
Point,ch_ved_central_plant_kwh_15m,Northlake Thermal Plant,Central Plant,Central Plant Electric Service,Delivered kWh 15m,kWh,15,Electric,Analog,15,,Enter,,,,,,,,,,,Not entered,
Point,ch_ved_central_plant_kw_15m,Northlake Thermal Plant,Central Plant,Central Plant Electric Service,Demand kW 15m,kW,15,Electric,Analog,15,,Enter,,,,,,,,,,,Not entered,
Meter,sgu_admin_hall_gas,Northlake University,Admin Hall,Admin Hall Gas,,,,Natural Gas,,,,Enter,SYN-SGU-M-0050001,SGU-SET-0050001,,Sierra Gas Utility,1,SYN-SGU-A-0020001,,,,,Not entered,
Meter,sgu_science_center_gas,Northlake University,Science Center,Science Center Gas,,,,Natural Gas,,,,Enter,SYN-SGU-M-0050002,SGU-SET-0050002,,Sierra Gas Utility,1,SYN-SGU-A-0020002,,,,,Not entered,
Meter,sgu_library_gas,Northlake University,Library,Library Gas,,,,Natural Gas,,,,Enter,SYN-SGU-M-0050003,SGU-SET-0050003,,Sierra Gas Utility,1,SYN-SGU-A-0020003,,,,,Not entered,
Meter,sgu_student_center_gas,Northlake University,Student Center,Student Center Kitchen Gas,,,,Natural Gas,,,,Enter,SYN-SGU-M-0050004,SGU-SET-0050004,,Sierra Gas Utility,1,SYN-SGU-A-0020004,,,,,Not entered,
Point,ch_sgu_student_center_gas_register,Northlake University,Student Center,Student Center Kitchen Gas,Register Reading,Reading,43200,Natural Gas,Accumulator,,,"Enter, then capture the generated usage and rate-of-change points",,,,,,,,,,,Not entered,
Point,ch_sgu_student_center_therms_route,Northlake University,Student Center,Student Center Kitchen Gas,Route Usage Therms,Therms,43200,Natural Gas,AccumulatorDelta,,,Generated by EEM with its register point,,,,,,,,,,,Not entered,
Meter,sgu_lakeview_hall_gas,Northlake University,Lakeview Residence Hall,Lakeview Hall Gas,,,,Natural Gas,,,,Enter,SYN-SGU-M-0050005,SGU-SET-0050005,,Sierra Gas Utility,1,SYN-SGU-A-0020005,,,,,Not entered,
Meter,sgu_recreation_center_pool_gas,Northlake University,Recreation and Aquatics Center,Recreation Center Pool Gas,,,,Natural Gas,,,,Enter,SYN-SGU-M-0050006,SGU-SET-0050006,,Sierra Gas Utility,1,SYN-SGU-A-0020006,,,,,Not entered,
Meter,sgu_cedar_row_a_house_gas,Cedar Row Apartments,Cedar Row A,Cedar Row A Gas House,,,,Natural Gas,,,,Enter,SYN-SGU-M-0050007,SGU-SET-0050007,,Sierra Gas Utility,1,SYN-SGU-A-0020007,,,,,Not entered,
Meter,sgu_cedar_row_b_house_gas,Cedar Row Apartments,Cedar Row B,Cedar Row B Gas House,,,,Natural Gas,,,,Enter,SYN-SGU-M-0050008,SGU-SET-0050008,,Sierra Gas Utility,1,SYN-SGU-A-0020008,,,,,Not entered,
Meter,sgu_cedar_row_common_house_gas,Cedar Row Apartments,Cedar Row Common House,Common House Gas,,,,Natural Gas,,,,Enter,SYN-SGU-M-0050009,SGU-SET-0050009,,Sierra Gas Utility,1,SYN-SGU-A-0020009,,,,,Not entered,
Meter,sgu_central_plant_boiler_gas,Northlake Thermal Plant,Central Plant,Central Plant Boiler Gas,,,,Natural Gas,,,,Enter,SYN-SGU-M-0050010,SGU-SET-0050010,,Sierra Gas Utility,1,SYN-SGU-A-0020010,,,,,Not entered,
Meter,rcu_admin_hall_water,Northlake University,Admin Hall,Admin Hall Domestic Water,,,,Water,,,,Enter,SYN-RCU-M-0060001,RCU-DEV-0060001,,River City Utilities,1,SYN-RCU-A-0030001,,,,,Not entered,
Meter,rcu_science_center_water,Northlake University,Science Center,Science Center Domestic Water,,,,Water,,,,Enter,SYN-RCU-M-0060005,RCU-DEV-0060005,,River City Utilities,1,SYN-RCU-A-0030005,,,,,Not entered,
Meter,rcu_library_water,Northlake University,Library,Library Domestic Water,,,,Water,,,,Enter,SYN-RCU-M-0060006,RCU-DEV-0060006,,River City Utilities,1,SYN-RCU-A-0030006,,,,,Not entered,
Meter,rcu_student_center_water,Northlake University,Student Center,Student Center Domestic Water,,,,Water,,,,Enter,SYN-RCU-M-0060002,RCU-DEV-0060002,,River City Utilities,1,SYN-RCU-A-0030002,,,,,Not entered,
Meter,rcu_lakeview_hall_water,Northlake University,Lakeview Residence Hall,Lakeview Hall Domestic Water,,,,Water,,,,Enter,SYN-RCU-M-0060007,RCU-DEV-0060007,,River City Utilities,1,SYN-RCU-A-0030007,,,,,Not entered,
Meter,rcu_recreation_center_water,Northlake University,Recreation and Aquatics Center,Recreation Center Domestic Water,,,,Water,,,,Enter,SYN-RCU-M-0060008,RCU-DEV-0060008,,River City Utilities,1,SYN-RCU-A-0030008,,,,,Not entered,
Meter,rcu_irrigation_north_quad,Northlake University,Campus Grounds,Campus Grounds Irrigation North Quad,,,,Water,,,,Enter,SYN-RCU-M-0060009,RCU-DEV-0060009,,River City Utilities,1,SYN-RCU-A-0030009,,,,,Not entered,
Meter,rcu_irrigation_south_fields,Northlake University,Campus Grounds,Campus Grounds Irrigation South Fields,,,,Water,,,,Enter,SYN-RCU-M-0060010,RCU-DEV-0060010,,River City Utilities,1,SYN-RCU-A-0030009,,,,,Not entered,
Meter,rcu_irrigation_athletics,Northlake University,Campus Grounds,Campus Grounds Irrigation Athletics,,,,Water,,,,Enter,SYN-RCU-M-0060011,RCU-DEV-0060011,,River City Utilities,1,SYN-RCU-A-0030009,,,,,Not entered,
Meter,rcu_admin_hall_fire_service,Northlake University,Admin Hall,Admin Hall Fire Service,,,,Water,,,,Enter,SYN-RCU-M-0060012,RCU-DEV-0060012,,River City Utilities,1,SYN-RCU-A-0030010,,,,,Not entered,
Meter,rcu_science_center_fire_service,Northlake University,Science Center,Science Center Fire Service,,,,Water,,,,Enter,SYN-RCU-M-0060013,RCU-DEV-0060013,,River City Utilities,1,SYN-RCU-A-0030011,,,,,Not entered,
Meter,rcu_lakeview_hall_fire_service,Northlake University,Lakeview Residence Hall,Lakeview Hall Fire Service,,,,Water,,,,Enter,SYN-RCU-M-0060014,RCU-DEV-0060014,,River City Utilities,1,SYN-RCU-A-0030012,,,,,Not entered,
Meter,rcu_cedar_row_a_water,Cedar Row Apartments,Cedar Row A,Cedar Row A Water Master,,,,Water,,,,Enter,SYN-RCU-M-0060003,RCU-DEV-0060003,,River City Utilities,2,SYN-RCU-A-0030003,,,,,Not entered,
Point,ch_fig_cedar_row_a_water_kgal_60m,Cedar Row Apartments,Cedar Row A,Cedar Row A Water Master,Delivered kgal 60m,kgal,60,Water,Analog,60,,Enter,,,,,,,,,,,Not entered,
Meter,rcu_cedar_row_b_water,Cedar Row Apartments,Cedar Row B,Cedar Row B Water Master,,,,Water,,,,Enter,SYN-RCU-M-0060004,RCU-DEV-0060004,,River City Utilities,2,SYN-RCU-A-0030004,,,,,Not entered,
Point,ch_rcu_cedar_row_b_water_register,Cedar Row Apartments,Cedar Row B,Cedar Row B Water Master,Register Reading,Reading,43200,Water,Accumulator,,,"Enter, then capture the generated usage and rate-of-change points",,,,,,,,,,,Not entered,
Point,ch_rcu_cedar_row_b_water_kgal_route,Cedar Row Apartments,Cedar Row B,Cedar Row B Water Master,Route Usage kgal,kgal,43200,Water,AccumulatorDelta,,,Generated by EEM with its register point,,,,,,,,,,,Not entered,
Meter,rcu_cedar_row_a_fire_service,Cedar Row Apartments,Cedar Row A,Cedar Row A Fire Service,,,,Water,,,,Enter,SYN-RCU-M-0060015,RCU-DEV-0060015,,River City Utilities,2,SYN-RCU-A-0030013,,,,,Not entered,
Meter,rcu_cedar_row_b_fire_service,Cedar Row Apartments,Cedar Row B,Cedar Row B Fire Service,,,,Water,,,,Enter,SYN-RCU-M-0060016,RCU-DEV-0060016,,River City Utilities,2,SYN-RCU-A-0030014,,,,,Not entered,
Meter,rcu_cedar_row_common_house_water,Cedar Row Apartments,Cedar Row Common House,Common House Domestic Water,,,,Water,,,,Enter,SYN-RCU-M-0060017,RCU-DEV-0060017,,River City Utilities,2,SYN-RCU-A-0030015,,,,,Not entered,
Meter,rcu_cedar_row_irrigation,Cedar Row Apartments,Cedar Row Carport and Grounds,Cedar Row Landscape Irrigation,,,,Water,,,,Enter,SYN-RCU-M-0060018,RCU-DEV-0060018,,River City Utilities,2,SYN-RCU-A-0030016,,,,,Not entered,
Meter,rcu_central_plant_makeup_water,Northlake Thermal Plant,Central Plant,Central Plant Makeup Water,,,,Water,,,,Enter,SYN-RCU-M-0060019,RCU-DEV-0060019,,River City Utilities,1,SYN-RCU-A-0030017,,,,,Not entered,
Meter,ntp_science_center_chilled_water,Northlake University,Science Center,Science Center Chilled Water,,,,Chilled Water,,,,Enter,SYN-NTP-M-0070001,,,Northlake Thermal Plant,1,SYN-NTP-C-0000001,,,,,Not entered,
Point,ch_ntp_science_center_chw_ton_hours_hourly,Northlake University,Science Center,Science Center Chilled Water,Delivered Ton-Hours 60m,Ton-Hours,60,Chilled Water,Analog,60,,Enter,,,,,,,,,,,Not entered,
Point,ch_ntp_science_center_chw_tons_hourly,Northlake University,Science Center,Science Center Chilled Water,Demand Tons 60m,Tons,60,Chilled Water,Analog,60,,Enter,,,,,,,,,,,Not entered,
Meter,ntp_science_center_steam,Northlake University,Science Center,Science Center Steam,,,,Steam,,,,Enter,SYN-NTP-M-0070101,,,Northlake Thermal Plant,1,SYN-NTP-C-0000001,,,,,Not entered,
Meter,ntp_admin_hall_steam,Northlake University,Admin Hall,Admin Hall Steam,,,,Steam,,,,Enter,SYN-NTP-M-0070002,,,Northlake Thermal Plant,1,SYN-NTP-C-0000002,,,,,Not entered,
Meter,ntp_library_steam,Northlake University,Library,Library Steam,,,,Steam,,,,Enter,SYN-NTP-M-0070003,,,Northlake Thermal Plant,1,SYN-NTP-C-0000003,,,,,Not entered,
Meter,ntp_student_center_steam,Northlake University,Student Center,Student Center Steam,,,,Steam,,,,Enter,SYN-NTP-M-0070004,,,Northlake Thermal Plant,1,SYN-NTP-C-0000004,,,,,Not entered,
Meter,ntp_lakeview_hall_steam,Northlake University,Lakeview Residence Hall,Lakeview Hall Steam,,,,Steam,,,,Enter,SYN-NTP-M-0070005,,,Northlake Thermal Plant,1,SYN-NTP-C-0000005,,,,,Not entered,
Meter,ntp_recreation_center_chilled_water,Northlake University,Recreation and Aquatics Center,Recreation Center Chilled Water,,,,Chilled Water,,,,Enter,SYN-NTP-M-0070006,,,Northlake Thermal Plant,1,SYN-NTP-C-0000006,,,,,Not entered,
Point,ch_ntp_recreation_center_chw_ton_hours_hourly,Northlake University,Recreation and Aquatics Center,Recreation Center Chilled Water,Delivered Ton-Hours 60m,Ton-Hours,60,Chilled Water,Analog,60,,Enter,,,,,,,,,,,Not entered,
Point,ch_ntp_recreation_center_chw_tons_hourly,Northlake University,Recreation and Aquatics Center,Recreation Center Chilled Water,Demand Tons 60m,Tons,60,Chilled Water,Analog,60,,Enter,,,,,,,,,,,Not entered,
Meter,ntp_recreation_center_steam,Northlake University,Recreation and Aquatics Center,Recreation Center Steam,,,,Steam,,,,Enter,SYN-NTP-M-0070106,,,Northlake Thermal Plant,1,SYN-NTP-C-0000006,,,,,Not entered,
Meter,hos_science_center_array,Northlake University,Science Center,Science Center PV Array,,,,Solar Generation,,,,Enter,SYN-HOS-M-0080001,,,Helios Onsite Solar,1,SYN-HOS-P-0000001,,,,,Not entered,
Point,ch_hos_science_center_gen_kwh_15m,Northlake University,Science Center,Science Center PV Array,Generated kWh 15m,kWh,15,Solar Generation,Analog,15,,Enter,,,,,,,,,,,Not entered,
Point,ch_hos_science_center_export_kwh_15m,Northlake University,Science Center,Science Center PV Array,Exported kWh 15m,kWh,15,Solar Generation,Analog,15,,Enter,,,,,,,,,,,Not entered,
Point,ch_hos_science_center_gen_kw_15m,Northlake University,Science Center,Science Center PV Array,Generated kW 15m,kW,15,Solar Generation,Analog,15,,Enter,,,,,,,,,,,Not entered,
Meter,hos_student_center_array,Northlake University,Student Center,Student Center PV Array,,,,Solar Generation,,,,Enter,SYN-HOS-M-0080002,,,Helios Onsite Solar,1,SYN-HOS-P-0000002,,,,,Not entered,
Point,ch_hos_student_center_gen_kwh_15m,Northlake University,Student Center,Student Center PV Array,Generated kWh 15m,kWh,15,Solar Generation,Analog,15,,Enter,,,,,,,,,,,Not entered,
Point,ch_hos_student_center_export_kwh_15m,Northlake University,Student Center,Student Center PV Array,Exported kWh 15m,kWh,15,Solar Generation,Analog,15,,Enter,,,,,,,,,,,Not entered,
Point,ch_hos_student_center_gen_kw_15m,Northlake University,Student Center,Student Center PV Array,Generated kW 15m,kW,15,Solar Generation,Analog,15,,Enter,,,,,,,,,,,Not entered,
Meter,hos_cedar_row_carport,Cedar Row Apartments,Cedar Row Carport and Grounds,Cedar Row Solar Carport,,,,Solar Generation,,,,Enter,SYN-HOS-M-0080003,,,Helios Onsite Solar,1,SYN-HOS-P-0000003,,,,,Not entered,
Point,ch_hos_cedar_row_carport_gen_kwh_15m,Cedar Row Apartments,Cedar Row Carport and Grounds,Cedar Row Solar Carport,Generated kWh 15m,kWh,15,Solar Generation,Analog,15,,Enter,,,,,,,,,,,Not entered,
Point,ch_hos_cedar_row_carport_export_kwh_15m,Cedar Row Apartments,Cedar Row Carport and Grounds,Cedar Row Solar Carport,Exported kWh 15m,kWh,15,Solar Generation,Analog,15,,Enter,,,,,,,,,,,Not entered,
Meter,science_center_environmental_sensors,Northlake University,Science Center,Science Center Lab Environment,,,,Weather,,,,Enter,SCIENCE-CENTER-ENVIRONMENTAL-SENSORS,,,Northlake owned,,,,,,,Not entered,
Point,ch_spinwave_science_lab_temp_f_15m,Northlake University,Science Center,Science Center Lab Environment,Lab Air Temperature,degF,15,Temperature,Analog,15,,Enter,,,,,,,,,,,Not entered,
Point,ch_spinwave_science_lab_rh_15m,Northlake University,Science Center,Science Center Lab Environment,Lab Relative Humidity,pct,15,Weather,Analog,15,,Enter,,,,,,,,,,,Not entered,
Meter,library_historian_electric_interval,Northlake University,Library,Library Electric Historian,,,,Electric,,,,Enter,LIBRARY-HISTORIAN-ELECTRIC-INTERVAL,,,Northlake owned,,,,,,,Not entered,
Point,ch_odbc_library_electric_kwh_15m,Northlake University,Library,Library Electric Historian,Historian Delivered kWh 15m,kWh,15,Electric,Analog,15,,Enter,,,,,,,,,,,Not entered,
Meter,student_center_kitchen_deduct_water,Northlake University,Student Center,Student Center Kitchen Sewer Deduct,,,,Water,,,,Enter,SYN-DED-W-SC01,,,Northlake owned,,,,,,,Not entered,
Point,ch_student_center_kitchen_deduct_register,Northlake University,Student Center,Student Center Kitchen Sewer Deduct,Register Reading,Reading,43200,Water,Accumulator,,,"Enter, then capture the generated usage and rate-of-change points",,,,,,,,,,,Not entered,
Point,ch_student_center_kitchen_deduct_kgal_monthly,Northlake University,Student Center,Student Center Kitchen Sewer Deduct,Monthly Usage kgal,kgal,43200,Water,AccumulatorDelta,,,Generated by EEM with its register point,,,,,,,,,,,Not entered,
Meter,fake_gateway_smoke_meter,Northlake University,Student Center,Student Center Fake Gateway Smoke,,,,Electric,,,,Enter,FAKE-GATEWAY-SMOKE-METER,,,Northlake owned,,,,,,,Not entered,
Point,ch_fake_gateway_smoke_kwh_15m,Northlake University,Student Center,Student Center Fake Gateway Smoke,Fake Gateway Smoke kWh 15m,kWh,15,Electric,Analog,15,,Enter,,,,,,,,,,,Not entered,
Meter,lakeview_hall_laundry_electric,Northlake University,Lakeview Residence Hall,Lakeview Hall Laundry Electric,,,,Electric,,,,Enter,SYN-SUB-E-LV01,,,Northlake owned,,,,,,,Not entered,
Point,ch_lakeview_hall_laundry_kwh_60m,Northlake University,Lakeview Residence Hall,Lakeview Hall Laundry Electric,Submeter kWh 60m,kWh,60,Electric,Analog,60,,Enter,,,,,,,,,,,Not entered,
Meter,recreation_center_pool_fill_water,Northlake University,Recreation and Aquatics Center,Recreation Center Pool Fill Deduct,,,,Water,,,,Enter,SYN-DED-W-RC01,,,Northlake owned,,,,,,,Not entered,
Point,ch_recreation_center_pool_fill_register,Northlake University,Recreation and Aquatics Center,Recreation Center Pool Fill Deduct,Register Reading,Reading,43200,Water,Accumulator,,,"Enter, then capture the generated usage and rate-of-change points",,,,,,,,,,,Not entered,
Point,ch_recreation_center_pool_fill_kgal_monthly,Northlake University,Recreation and Aquatics Center,Recreation Center Pool Fill Deduct,Monthly Usage kgal,kgal,43200,Water,AccumulatorDelta,,,Generated by EEM with its register point,,,,,,,,,,,Not entered,
Meter,parking_structure_ev_chargers,Northlake University,Parking Structure,Parking Structure EV Chargers,,,,Electric,,,,Enter,SYN-SUB-E-PS01,,,Northlake owned,,,,,,,Not entered,
Point,ch_parking_structure_ev_kwh_60m,Northlake University,Parking Structure,Parking Structure EV Chargers,Submeter kWh 60m,kWh,60,Electric,Analog,60,,Enter,,,,,,,,,,,Not entered,
Meter,cedar_row_a_unit_101_electric,Cedar Row Apartments,Cedar Row A,Cedar Row A Unit 101 Electric,,,,Electric,,,,Enter,SYN-SUB-E-A101,,,Northlake owned,,,,,,,Not entered,
Point,ch_cedar_row_a_unit_101_kwh_60m,Cedar Row Apartments,Cedar Row A,Cedar Row A Unit 101 Electric,Submeter kWh 60m,kWh,60,Electric,Analog,60,,Enter,,,,,,,,,,,Not entered,
Meter,cedar_row_a_unit_102_electric,Cedar Row Apartments,Cedar Row A,Cedar Row A Unit 102 Electric,,,,Electric,,,,Enter,SYN-SUB-E-A102,,,Northlake owned,,,,,,,Not entered,
Point,ch_cedar_row_a_unit_102_kwh_60m,Cedar Row Apartments,Cedar Row A,Cedar Row A Unit 102 Electric,Submeter kWh 60m,kWh,60,Electric,Analog,60,,Enter,,,,,,,,,,,Not entered,
Meter,cedar_row_a_unit_103_electric,Cedar Row Apartments,Cedar Row A,Cedar Row A Unit 103 Electric,,,,Electric,,,,Enter,SYN-SUB-E-A103,,,Northlake owned,,,,,,,Not entered,
Point,ch_cedar_row_a_unit_103_kwh_60m,Cedar Row Apartments,Cedar Row A,Cedar Row A Unit 103 Electric,Submeter kWh 60m,kWh,60,Electric,Analog,60,,Enter,,,,,,,,,,,Not entered,
Meter,cedar_row_a_unit_104_electric,Cedar Row Apartments,Cedar Row A,Cedar Row A Unit 104 Electric,,,,Electric,,,,Enter,SYN-SUB-E-A104,,,Northlake owned,,,,,,,Not entered,
Point,ch_cedar_row_a_unit_104_kwh_60m,Cedar Row Apartments,Cedar Row A,Cedar Row A Unit 104 Electric,Submeter kWh 60m,kWh,60,Electric,Analog,60,,Enter,,,,,,,,,,,Not entered,
Meter,cedar_row_a_unit_105_electric,Cedar Row Apartments,Cedar Row A,Cedar Row A Unit 105 Electric,,,,Electric,,,,Enter,SYN-SUB-E-A105,,,Northlake owned,,,,,,,Not entered,
Point,ch_cedar_row_a_unit_105_kwh_60m,Cedar Row Apartments,Cedar Row A,Cedar Row A Unit 105 Electric,Submeter kWh 60m,kWh,60,Electric,Analog,60,,Enter,,,,,,,,,,,Not entered,
Meter,cedar_row_a_unit_106_electric,Cedar Row Apartments,Cedar Row A,Cedar Row A Unit 106 Electric,,,,Electric,,,,Enter,SYN-SUB-E-A106,,,Northlake owned,,,,,,,Not entered,
Point,ch_cedar_row_a_unit_106_kwh_60m,Cedar Row Apartments,Cedar Row A,Cedar Row A Unit 106 Electric,Submeter kWh 60m,kWh,60,Electric,Analog,60,,Enter,,,,,,,,,,,Not entered,
Meter,cedar_row_a_unit_107_electric,Cedar Row Apartments,Cedar Row A,Cedar Row A Unit 107 Electric,,,,Electric,,,,Enter,SYN-SUB-E-A107,,,Northlake owned,,,,,,,Not entered,
Point,ch_cedar_row_a_unit_107_kwh_60m,Cedar Row Apartments,Cedar Row A,Cedar Row A Unit 107 Electric,Submeter kWh 60m,kWh,60,Electric,Analog,60,,Enter,,,,,,,,,,,Not entered,
Meter,cedar_row_a_unit_108_electric,Cedar Row Apartments,Cedar Row A,Cedar Row A Unit 108 Electric,,,,Electric,,,,Enter,SYN-SUB-E-A108,,,Northlake owned,,,,,,,Not entered,
Point,ch_cedar_row_a_unit_108_kwh_60m,Cedar Row Apartments,Cedar Row A,Cedar Row A Unit 108 Electric,Submeter kWh 60m,kWh,60,Electric,Analog,60,,Enter,,,,,,,,,,,Not entered,
Meter,cedar_row_a_unit_109_electric,Cedar Row Apartments,Cedar Row A,Cedar Row A Unit 109 Electric,,,,Electric,,,,Enter,SYN-SUB-E-A109,,,Northlake owned,,,,,,,Not entered,
Point,ch_cedar_row_a_unit_109_kwh_60m,Cedar Row Apartments,Cedar Row A,Cedar Row A Unit 109 Electric,Submeter kWh 60m,kWh,60,Electric,Analog,60,,Enter,,,,,,,,,,,Not entered,
Meter,cedar_row_a_unit_110_electric,Cedar Row Apartments,Cedar Row A,Cedar Row A Unit 110 Electric,,,,Electric,,,,Enter,SYN-SUB-E-A110,,,Northlake owned,,,,,,,Not entered,
Point,ch_cedar_row_a_unit_110_kwh_60m,Cedar Row Apartments,Cedar Row A,Cedar Row A Unit 110 Electric,Submeter kWh 60m,kWh,60,Electric,Analog,60,,Enter,,,,,,,,,,,Not entered,
Meter,cedar_row_a_unit_111_electric,Cedar Row Apartments,Cedar Row A,Cedar Row A Unit 111 Electric,,,,Electric,,,,Enter,SYN-SUB-E-A111,,,Northlake owned,,,,,,,Not entered,
Point,ch_cedar_row_a_unit_111_kwh_60m,Cedar Row Apartments,Cedar Row A,Cedar Row A Unit 111 Electric,Submeter kWh 60m,kWh,60,Electric,Analog,60,,Enter,,,,,,,,,,,Not entered,
Meter,cedar_row_a_unit_112_electric,Cedar Row Apartments,Cedar Row A,Cedar Row A Unit 112 Electric,,,,Electric,,,,Enter,SYN-SUB-E-A112,,,Northlake owned,,,,,,,Not entered,
Point,ch_cedar_row_a_unit_112_kwh_60m,Cedar Row Apartments,Cedar Row A,Cedar Row A Unit 112 Electric,Submeter kWh 60m,kWh,60,Electric,Analog,60,,Enter,,,,,,,,,,,Not entered,
Meter,cedar_row_a_unit_113_electric,Cedar Row Apartments,Cedar Row A,Cedar Row A Unit 113 Electric,,,,Electric,,,,Enter,SYN-SUB-E-A113,,,Northlake owned,,,,,,,Not entered,
Point,ch_cedar_row_a_unit_113_kwh_60m,Cedar Row Apartments,Cedar Row A,Cedar Row A Unit 113 Electric,Submeter kWh 60m,kWh,60,Electric,Analog,60,,Enter,,,,,,,,,,,Not entered,
Meter,cedar_row_a_unit_114_electric,Cedar Row Apartments,Cedar Row A,Cedar Row A Unit 114 Electric,,,,Electric,,,,Enter,SYN-SUB-E-A114,,,Northlake owned,,,,,,,Not entered,
Point,ch_cedar_row_a_unit_114_kwh_60m,Cedar Row Apartments,Cedar Row A,Cedar Row A Unit 114 Electric,Submeter kWh 60m,kWh,60,Electric,Analog,60,,Enter,,,,,,,,,,,Not entered,
Meter,cedar_row_a_unit_115_electric,Cedar Row Apartments,Cedar Row A,Cedar Row A Unit 115 Electric,,,,Electric,,,,Enter,SYN-SUB-E-A115,,,Northlake owned,,,,,,,Not entered,
Point,ch_cedar_row_a_unit_115_kwh_60m,Cedar Row Apartments,Cedar Row A,Cedar Row A Unit 115 Electric,Submeter kWh 60m,kWh,60,Electric,Analog,60,,Enter,,,,,,,,,,,Not entered,
Meter,cedar_row_a_unit_116_electric,Cedar Row Apartments,Cedar Row A,Cedar Row A Unit 116 Electric,,,,Electric,,,,Enter,SYN-SUB-E-A116,,,Northlake owned,,,,,,,Not entered,
Point,ch_cedar_row_a_unit_116_kwh_60m,Cedar Row Apartments,Cedar Row A,Cedar Row A Unit 116 Electric,Submeter kWh 60m,kWh,60,Electric,Analog,60,,Enter,,,,,,,,,,,Not entered,
Meter,cedar_row_a_unit_117_electric,Cedar Row Apartments,Cedar Row A,Cedar Row A Unit 117 Electric,,,,Electric,,,,Enter,SYN-SUB-E-A117,,,Northlake owned,,,,,,,Not entered,
Point,ch_cedar_row_a_unit_117_kwh_60m,Cedar Row Apartments,Cedar Row A,Cedar Row A Unit 117 Electric,Submeter kWh 60m,kWh,60,Electric,Analog,60,,Enter,,,,,,,,,,,Not entered,
Meter,cedar_row_a_unit_118_electric,Cedar Row Apartments,Cedar Row A,Cedar Row A Unit 118 Electric,,,,Electric,,,,Enter,SYN-SUB-E-A118,,,Northlake owned,,,,,,,Not entered,
Point,ch_cedar_row_a_unit_118_kwh_60m,Cedar Row Apartments,Cedar Row A,Cedar Row A Unit 118 Electric,Submeter kWh 60m,kWh,60,Electric,Analog,60,,Enter,,,,,,,,,,,Not entered,
Meter,cedar_row_a_unit_119_electric,Cedar Row Apartments,Cedar Row A,Cedar Row A Unit 119 Electric,,,,Electric,,,,Enter,SYN-SUB-E-A119,,,Northlake owned,,,,,,,Not entered,
Point,ch_cedar_row_a_unit_119_kwh_60m,Cedar Row Apartments,Cedar Row A,Cedar Row A Unit 119 Electric,Submeter kWh 60m,kWh,60,Electric,Analog,60,,Enter,,,,,,,,,,,Not entered,
Meter,cedar_row_a_unit_120_electric,Cedar Row Apartments,Cedar Row A,Cedar Row A Unit 120 Electric,,,,Electric,,,,Enter,SYN-SUB-E-A120,,,Northlake owned,,,,,,,Not entered,
Point,ch_cedar_row_a_unit_120_kwh_60m,Cedar Row Apartments,Cedar Row A,Cedar Row A Unit 120 Electric,Submeter kWh 60m,kWh,60,Electric,Analog,60,,Enter,,,,,,,,,,,Not entered,
Meter,cedar_row_a_unit_201_electric,Cedar Row Apartments,Cedar Row A,Cedar Row A Unit 201 Electric,,,,Electric,,,,Enter,SYN-SUB-E-A201,,,Northlake owned,,,,,,,Not entered,
Point,ch_cedar_row_a_unit_201_kwh_60m,Cedar Row Apartments,Cedar Row A,Cedar Row A Unit 201 Electric,Submeter kWh 60m,kWh,60,Electric,Analog,60,,Enter,,,,,,,,,,,Not entered,
Meter,cedar_row_a_unit_202_electric,Cedar Row Apartments,Cedar Row A,Cedar Row A Unit 202 Electric,,,,Electric,,,,Enter,SYN-SUB-E-A202,,,Northlake owned,,,,,,,Not entered,
Point,ch_cedar_row_a_unit_202_kwh_60m,Cedar Row Apartments,Cedar Row A,Cedar Row A Unit 202 Electric,Submeter kWh 60m,kWh,60,Electric,Analog,60,,Enter,,,,,,,,,,,Not entered,
Meter,cedar_row_a_unit_203_electric,Cedar Row Apartments,Cedar Row A,Cedar Row A Unit 203 Electric,,,,Electric,,,,Enter,SYN-SUB-E-A203,,,Northlake owned,,,,,,,Not entered,
Point,ch_cedar_row_a_unit_203_kwh_60m,Cedar Row Apartments,Cedar Row A,Cedar Row A Unit 203 Electric,Submeter kWh 60m,kWh,60,Electric,Analog,60,,Enter,,,,,,,,,,,Not entered,
Meter,cedar_row_a_unit_204_electric,Cedar Row Apartments,Cedar Row A,Cedar Row A Unit 204 Electric,,,,Electric,,,,Enter,SYN-SUB-E-A204,,,Northlake owned,,,,,,,Not entered,
Point,ch_cedar_row_a_unit_204_kwh_60m,Cedar Row Apartments,Cedar Row A,Cedar Row A Unit 204 Electric,Submeter kWh 60m,kWh,60,Electric,Analog,60,,Enter,,,,,,,,,,,Not entered,
Meter,cedar_row_a_unit_205_electric,Cedar Row Apartments,Cedar Row A,Cedar Row A Unit 205 Electric,,,,Electric,,,,Enter,SYN-SUB-E-A205,,,Northlake owned,,,,,,,Not entered,
Point,ch_cedar_row_a_unit_205_kwh_60m,Cedar Row Apartments,Cedar Row A,Cedar Row A Unit 205 Electric,Submeter kWh 60m,kWh,60,Electric,Analog,60,,Enter,,,,,,,,,,,Not entered,
Meter,cedar_row_a_unit_206_electric,Cedar Row Apartments,Cedar Row A,Cedar Row A Unit 206 Electric,,,,Electric,,,,Enter,SYN-SUB-E-A206,,,Northlake owned,,,,,,,Not entered,
Point,ch_cedar_row_a_unit_206_kwh_60m,Cedar Row Apartments,Cedar Row A,Cedar Row A Unit 206 Electric,Submeter kWh 60m,kWh,60,Electric,Analog,60,,Enter,,,,,,,,,,,Not entered,
Meter,cedar_row_a_unit_207_electric,Cedar Row Apartments,Cedar Row A,Cedar Row A Unit 207 Electric,,,,Electric,,,,Enter,SYN-SUB-E-A207,,,Northlake owned,,,,,,,Not entered,
Point,ch_cedar_row_a_unit_207_kwh_60m,Cedar Row Apartments,Cedar Row A,Cedar Row A Unit 207 Electric,Submeter kWh 60m,kWh,60,Electric,Analog,60,,Enter,,,,,,,,,,,Not entered,
Meter,cedar_row_a_unit_208_electric,Cedar Row Apartments,Cedar Row A,Cedar Row A Unit 208 Electric,,,,Electric,,,,Enter,SYN-SUB-E-A208,,,Northlake owned,,,,,,,Not entered,
Point,ch_cedar_row_a_unit_208_kwh_60m,Cedar Row Apartments,Cedar Row A,Cedar Row A Unit 208 Electric,Submeter kWh 60m,kWh,60,Electric,Analog,60,,Enter,,,,,,,,,,,Not entered,
Meter,cedar_row_a_unit_209_electric,Cedar Row Apartments,Cedar Row A,Cedar Row A Unit 209 Electric,,,,Electric,,,,Enter,SYN-SUB-E-A209,,,Northlake owned,,,,,,,Not entered,
Point,ch_cedar_row_a_unit_209_kwh_60m,Cedar Row Apartments,Cedar Row A,Cedar Row A Unit 209 Electric,Submeter kWh 60m,kWh,60,Electric,Analog,60,,Enter,,,,,,,,,,,Not entered,
Meter,cedar_row_a_unit_210_electric,Cedar Row Apartments,Cedar Row A,Cedar Row A Unit 210 Electric,,,,Electric,,,,Enter,SYN-SUB-E-A210,,,Northlake owned,,,,,,,Not entered,
Point,ch_cedar_row_a_unit_210_kwh_60m,Cedar Row Apartments,Cedar Row A,Cedar Row A Unit 210 Electric,Submeter kWh 60m,kWh,60,Electric,Analog,60,,Enter,,,,,,,,,,,Not entered,
Meter,cedar_row_a_unit_211_electric,Cedar Row Apartments,Cedar Row A,Cedar Row A Unit 211 Electric,,,,Electric,,,,Enter,SYN-SUB-E-A211,,,Northlake owned,,,,,,,Not entered,
Point,ch_cedar_row_a_unit_211_kwh_60m,Cedar Row Apartments,Cedar Row A,Cedar Row A Unit 211 Electric,Submeter kWh 60m,kWh,60,Electric,Analog,60,,Enter,,,,,,,,,,,Not entered,
Meter,cedar_row_a_unit_212_electric,Cedar Row Apartments,Cedar Row A,Cedar Row A Unit 212 Electric,,,,Electric,,,,Enter,SYN-SUB-E-A212,,,Northlake owned,,,,,,,Not entered,
Point,ch_cedar_row_a_unit_212_kwh_60m,Cedar Row Apartments,Cedar Row A,Cedar Row A Unit 212 Electric,Submeter kWh 60m,kWh,60,Electric,Analog,60,,Enter,,,,,,,,,,,Not entered,
Meter,cedar_row_a_unit_213_electric,Cedar Row Apartments,Cedar Row A,Cedar Row A Unit 213 Electric,,,,Electric,,,,Enter,SYN-SUB-E-A213,,,Northlake owned,,,,,,,Not entered,
Point,ch_cedar_row_a_unit_213_kwh_60m,Cedar Row Apartments,Cedar Row A,Cedar Row A Unit 213 Electric,Submeter kWh 60m,kWh,60,Electric,Analog,60,,Enter,,,,,,,,,,,Not entered,
Meter,cedar_row_a_unit_214_electric,Cedar Row Apartments,Cedar Row A,Cedar Row A Unit 214 Electric,,,,Electric,,,,Enter,SYN-SUB-E-A214,,,Northlake owned,,,,,,,Not entered,
Point,ch_cedar_row_a_unit_214_kwh_60m,Cedar Row Apartments,Cedar Row A,Cedar Row A Unit 214 Electric,Submeter kWh 60m,kWh,60,Electric,Analog,60,,Enter,,,,,,,,,,,Not entered,
Meter,cedar_row_a_unit_215_electric,Cedar Row Apartments,Cedar Row A,Cedar Row A Unit 215 Electric,,,,Electric,,,,Enter,SYN-SUB-E-A215,,,Northlake owned,,,,,,,Not entered,
Point,ch_cedar_row_a_unit_215_kwh_60m,Cedar Row Apartments,Cedar Row A,Cedar Row A Unit 215 Electric,Submeter kWh 60m,kWh,60,Electric,Analog,60,,Enter,,,,,,,,,,,Not entered,
Meter,cedar_row_a_unit_216_electric,Cedar Row Apartments,Cedar Row A,Cedar Row A Unit 216 Electric,,,,Electric,,,,Enter,SYN-SUB-E-A216,,,Northlake owned,,,,,,,Not entered,
Point,ch_cedar_row_a_unit_216_kwh_60m,Cedar Row Apartments,Cedar Row A,Cedar Row A Unit 216 Electric,Submeter kWh 60m,kWh,60,Electric,Analog,60,,Enter,,,,,,,,,,,Not entered,
Meter,cedar_row_a_unit_217_electric,Cedar Row Apartments,Cedar Row A,Cedar Row A Unit 217 Electric,,,,Electric,,,,Enter,SYN-SUB-E-A217,,,Northlake owned,,,,,,,Not entered,
Point,ch_cedar_row_a_unit_217_kwh_60m,Cedar Row Apartments,Cedar Row A,Cedar Row A Unit 217 Electric,Submeter kWh 60m,kWh,60,Electric,Analog,60,,Enter,,,,,,,,,,,Not entered,
Meter,cedar_row_a_unit_218_electric,Cedar Row Apartments,Cedar Row A,Cedar Row A Unit 218 Electric,,,,Electric,,,,Enter,SYN-SUB-E-A218,,,Northlake owned,,,,,,,Not entered,
Point,ch_cedar_row_a_unit_218_kwh_60m,Cedar Row Apartments,Cedar Row A,Cedar Row A Unit 218 Electric,Submeter kWh 60m,kWh,60,Electric,Analog,60,,Enter,,,,,,,,,,,Not entered,
Meter,cedar_row_a_unit_219_electric,Cedar Row Apartments,Cedar Row A,Cedar Row A Unit 219 Electric,,,,Electric,,,,Enter,SYN-SUB-E-A219,,,Northlake owned,,,,,,,Not entered,
Point,ch_cedar_row_a_unit_219_kwh_60m,Cedar Row Apartments,Cedar Row A,Cedar Row A Unit 219 Electric,Submeter kWh 60m,kWh,60,Electric,Analog,60,,Enter,,,,,,,,,,,Not entered,
Meter,cedar_row_a_unit_220_electric,Cedar Row Apartments,Cedar Row A,Cedar Row A Unit 220 Electric,,,,Electric,,,,Enter,SYN-SUB-E-A220,,,Northlake owned,,,,,,,Not entered,
Point,ch_cedar_row_a_unit_220_kwh_60m,Cedar Row Apartments,Cedar Row A,Cedar Row A Unit 220 Electric,Submeter kWh 60m,kWh,60,Electric,Analog,60,,Enter,,,,,,,,,,,Not entered,
Meter,cedar_row_a_unit_301_electric,Cedar Row Apartments,Cedar Row A,Cedar Row A Unit 301 Electric,,,,Electric,,,,Enter,SYN-SUB-E-A301,,,Northlake owned,,,,,,,Not entered,
Point,ch_cedar_row_a_unit_301_kwh_60m,Cedar Row Apartments,Cedar Row A,Cedar Row A Unit 301 Electric,Submeter kWh 60m,kWh,60,Electric,Analog,60,,Enter,,,,,,,,,,,Not entered,
Meter,cedar_row_a_unit_302_electric,Cedar Row Apartments,Cedar Row A,Cedar Row A Unit 302 Electric,,,,Electric,,,,Enter,SYN-SUB-E-A302,,,Northlake owned,,,,,,,Not entered,
Point,ch_cedar_row_a_unit_302_kwh_60m,Cedar Row Apartments,Cedar Row A,Cedar Row A Unit 302 Electric,Submeter kWh 60m,kWh,60,Electric,Analog,60,,Enter,,,,,,,,,,,Not entered,
Meter,cedar_row_a_unit_303_electric,Cedar Row Apartments,Cedar Row A,Cedar Row A Unit 303 Electric,,,,Electric,,,,Enter,SYN-SUB-E-A303,,,Northlake owned,,,,,,,Not entered,
Point,ch_cedar_row_a_unit_303_kwh_60m,Cedar Row Apartments,Cedar Row A,Cedar Row A Unit 303 Electric,Submeter kWh 60m,kWh,60,Electric,Analog,60,,Enter,,,,,,,,,,,Not entered,
Meter,cedar_row_a_unit_304_electric,Cedar Row Apartments,Cedar Row A,Cedar Row A Unit 304 Electric,,,,Electric,,,,Enter,SYN-SUB-E-A304,,,Northlake owned,,,,,,,Not entered,
Point,ch_cedar_row_a_unit_304_kwh_60m,Cedar Row Apartments,Cedar Row A,Cedar Row A Unit 304 Electric,Submeter kWh 60m,kWh,60,Electric,Analog,60,,Enter,,,,,,,,,,,Not entered,
Meter,cedar_row_a_unit_305_electric,Cedar Row Apartments,Cedar Row A,Cedar Row A Unit 305 Electric,,,,Electric,,,,Enter,SYN-SUB-E-A305,,,Northlake owned,,,,,,,Not entered,
Point,ch_cedar_row_a_unit_305_kwh_60m,Cedar Row Apartments,Cedar Row A,Cedar Row A Unit 305 Electric,Submeter kWh 60m,kWh,60,Electric,Analog,60,,Enter,,,,,,,,,,,Not entered,
Meter,cedar_row_a_unit_306_electric,Cedar Row Apartments,Cedar Row A,Cedar Row A Unit 306 Electric,,,,Electric,,,,Enter,SYN-SUB-E-A306,,,Northlake owned,,,,,,,Not entered,
Point,ch_cedar_row_a_unit_306_kwh_60m,Cedar Row Apartments,Cedar Row A,Cedar Row A Unit 306 Electric,Submeter kWh 60m,kWh,60,Electric,Analog,60,,Enter,,,,,,,,,,,Not entered,
Meter,cedar_row_a_unit_307_electric,Cedar Row Apartments,Cedar Row A,Cedar Row A Unit 307 Electric,,,,Electric,,,,Enter,SYN-SUB-E-A307,,,Northlake owned,,,,,,,Not entered,
Point,ch_cedar_row_a_unit_307_kwh_60m,Cedar Row Apartments,Cedar Row A,Cedar Row A Unit 307 Electric,Submeter kWh 60m,kWh,60,Electric,Analog,60,,Enter,,,,,,,,,,,Not entered,
Meter,cedar_row_a_unit_308_electric,Cedar Row Apartments,Cedar Row A,Cedar Row A Unit 308 Electric,,,,Electric,,,,Enter,SYN-SUB-E-A308,,,Northlake owned,,,,,,,Not entered,
Point,ch_cedar_row_a_unit_308_kwh_60m,Cedar Row Apartments,Cedar Row A,Cedar Row A Unit 308 Electric,Submeter kWh 60m,kWh,60,Electric,Analog,60,,Enter,,,,,,,,,,,Not entered,
Meter,cedar_row_a_unit_309_electric,Cedar Row Apartments,Cedar Row A,Cedar Row A Unit 309 Electric,,,,Electric,,,,Enter,SYN-SUB-E-A309,,,Northlake owned,,,,,,,Not entered,
Point,ch_cedar_row_a_unit_309_kwh_60m,Cedar Row Apartments,Cedar Row A,Cedar Row A Unit 309 Electric,Submeter kWh 60m,kWh,60,Electric,Analog,60,,Enter,,,,,,,,,,,Not entered,
Meter,cedar_row_a_unit_310_electric,Cedar Row Apartments,Cedar Row A,Cedar Row A Unit 310 Electric,,,,Electric,,,,Enter,SYN-SUB-E-A310,,,Northlake owned,,,,,,,Not entered,
Point,ch_cedar_row_a_unit_310_kwh_60m,Cedar Row Apartments,Cedar Row A,Cedar Row A Unit 310 Electric,Submeter kWh 60m,kWh,60,Electric,Analog,60,,Enter,,,,,,,,,,,Not entered,
Meter,cedar_row_a_unit_311_electric,Cedar Row Apartments,Cedar Row A,Cedar Row A Unit 311 Electric,,,,Electric,,,,Enter,SYN-SUB-E-A311,,,Northlake owned,,,,,,,Not entered,
Point,ch_cedar_row_a_unit_311_kwh_60m,Cedar Row Apartments,Cedar Row A,Cedar Row A Unit 311 Electric,Submeter kWh 60m,kWh,60,Electric,Analog,60,,Enter,,,,,,,,,,,Not entered,
Meter,cedar_row_a_unit_312_electric,Cedar Row Apartments,Cedar Row A,Cedar Row A Unit 312 Electric,,,,Electric,,,,Enter,SYN-SUB-E-A312,,,Northlake owned,,,,,,,Not entered,
Point,ch_cedar_row_a_unit_312_kwh_60m,Cedar Row Apartments,Cedar Row A,Cedar Row A Unit 312 Electric,Submeter kWh 60m,kWh,60,Electric,Analog,60,,Enter,,,,,,,,,,,Not entered,
Meter,cedar_row_a_unit_313_electric,Cedar Row Apartments,Cedar Row A,Cedar Row A Unit 313 Electric,,,,Electric,,,,Enter,SYN-SUB-E-A313,,,Northlake owned,,,,,,,Not entered,
Point,ch_cedar_row_a_unit_313_kwh_60m,Cedar Row Apartments,Cedar Row A,Cedar Row A Unit 313 Electric,Submeter kWh 60m,kWh,60,Electric,Analog,60,,Enter,,,,,,,,,,,Not entered,
Meter,cedar_row_a_unit_314_electric,Cedar Row Apartments,Cedar Row A,Cedar Row A Unit 314 Electric,,,,Electric,,,,Enter,SYN-SUB-E-A314,,,Northlake owned,,,,,,,Not entered,
Point,ch_cedar_row_a_unit_314_kwh_60m,Cedar Row Apartments,Cedar Row A,Cedar Row A Unit 314 Electric,Submeter kWh 60m,kWh,60,Electric,Analog,60,,Enter,,,,,,,,,,,Not entered,
Meter,cedar_row_a_unit_315_electric,Cedar Row Apartments,Cedar Row A,Cedar Row A Unit 315 Electric,,,,Electric,,,,Enter,SYN-SUB-E-A315,,,Northlake owned,,,,,,,Not entered,
Point,ch_cedar_row_a_unit_315_kwh_60m,Cedar Row Apartments,Cedar Row A,Cedar Row A Unit 315 Electric,Submeter kWh 60m,kWh,60,Electric,Analog,60,,Enter,,,,,,,,,,,Not entered,
Meter,cedar_row_a_unit_316_electric,Cedar Row Apartments,Cedar Row A,Cedar Row A Unit 316 Electric,,,,Electric,,,,Enter,SYN-SUB-E-A316,,,Northlake owned,,,,,,,Not entered,
Point,ch_cedar_row_a_unit_316_kwh_60m,Cedar Row Apartments,Cedar Row A,Cedar Row A Unit 316 Electric,Submeter kWh 60m,kWh,60,Electric,Analog,60,,Enter,,,,,,,,,,,Not entered,
Meter,cedar_row_a_unit_317_electric,Cedar Row Apartments,Cedar Row A,Cedar Row A Unit 317 Electric,,,,Electric,,,,Enter,SYN-SUB-E-A317,,,Northlake owned,,,,,,,Not entered,
Point,ch_cedar_row_a_unit_317_kwh_60m,Cedar Row Apartments,Cedar Row A,Cedar Row A Unit 317 Electric,Submeter kWh 60m,kWh,60,Electric,Analog,60,,Enter,,,,,,,,,,,Not entered,
Meter,cedar_row_a_unit_318_electric,Cedar Row Apartments,Cedar Row A,Cedar Row A Unit 318 Electric,,,,Electric,,,,Enter,SYN-SUB-E-A318,,,Northlake owned,,,,,,,Not entered,
Point,ch_cedar_row_a_unit_318_kwh_60m,Cedar Row Apartments,Cedar Row A,Cedar Row A Unit 318 Electric,Submeter kWh 60m,kWh,60,Electric,Analog,60,,Enter,,,,,,,,,,,Not entered,
Meter,cedar_row_a_unit_319_electric,Cedar Row Apartments,Cedar Row A,Cedar Row A Unit 319 Electric,,,,Electric,,,,Enter,SYN-SUB-E-A319,,,Northlake owned,,,,,,,Not entered,
Point,ch_cedar_row_a_unit_319_kwh_60m,Cedar Row Apartments,Cedar Row A,Cedar Row A Unit 319 Electric,Submeter kWh 60m,kWh,60,Electric,Analog,60,,Enter,,,,,,,,,,,Not entered,
Meter,cedar_row_a_unit_320_electric,Cedar Row Apartments,Cedar Row A,Cedar Row A Unit 320 Electric,,,,Electric,,,,Enter,SYN-SUB-E-A320,,,Northlake owned,,,,,,,Not entered,
Point,ch_cedar_row_a_unit_320_kwh_60m,Cedar Row Apartments,Cedar Row A,Cedar Row A Unit 320 Electric,Submeter kWh 60m,kWh,60,Electric,Analog,60,,Enter,,,,,,,,,,,Not entered,
Meter,cedar_row_a_house_electric,Cedar Row Apartments,Cedar Row A,Cedar Row A Electric House,,,,Electric,,,,Enter,SYN-SUB-E-AH,,,Northlake owned,,,,,,,Not entered,
Point,ch_cedar_row_a_house_kwh_60m,Cedar Row Apartments,Cedar Row A,Cedar Row A Electric House,Submeter kWh 60m,kWh,60,Electric,Analog,60,,Enter,,,,,,,,,,,Not entered,
Meter,cedar_row_a_unit_101_water,Cedar Row Apartments,Cedar Row A,Cedar Row A Unit 101 Water,,,,Water,,,,Enter,SYN-SUB-W-A101,,,Northlake owned,,,,,,,Not entered,
Point,ch_cedar_row_a_unit_101_water_register,Cedar Row Apartments,Cedar Row A,Cedar Row A Unit 101 Water,Register Reading,Reading,43200,Water,Accumulator,,,"Enter, then capture the generated usage and rate-of-change points",,,,,,,,,,,Not entered,
Point,ch_cedar_row_a_unit_101_water_kgal_route,Cedar Row Apartments,Cedar Row A,Cedar Row A Unit 101 Water,Route Usage kgal,kgal,43200,Water,AccumulatorDelta,,,Generated by EEM with its register point,,,,,,,,,,,Not entered,
Meter,cedar_row_a_unit_102_water,Cedar Row Apartments,Cedar Row A,Cedar Row A Unit 102 Water,,,,Water,,,,Enter,SYN-SUB-W-A102,,,Northlake owned,,,,,,,Not entered,
Point,ch_cedar_row_a_unit_102_water_register,Cedar Row Apartments,Cedar Row A,Cedar Row A Unit 102 Water,Register Reading,Reading,43200,Water,Accumulator,,,"Enter, then capture the generated usage and rate-of-change points",,,,,,,,,,,Not entered,
Point,ch_cedar_row_a_unit_102_water_kgal_route,Cedar Row Apartments,Cedar Row A,Cedar Row A Unit 102 Water,Route Usage kgal,kgal,43200,Water,AccumulatorDelta,,,Generated by EEM with its register point,,,,,,,,,,,Not entered,
Meter,cedar_row_a_unit_103_water,Cedar Row Apartments,Cedar Row A,Cedar Row A Unit 103 Water,,,,Water,,,,Enter,SYN-SUB-W-A103,,,Northlake owned,,,,,,,Not entered,
Point,ch_cedar_row_a_unit_103_water_register,Cedar Row Apartments,Cedar Row A,Cedar Row A Unit 103 Water,Register Reading,Reading,43200,Water,Accumulator,,,"Enter, then capture the generated usage and rate-of-change points",,,,,,,,,,,Not entered,
Point,ch_cedar_row_a_unit_103_water_kgal_route,Cedar Row Apartments,Cedar Row A,Cedar Row A Unit 103 Water,Route Usage kgal,kgal,43200,Water,AccumulatorDelta,,,Generated by EEM with its register point,,,,,,,,,,,Not entered,
Meter,cedar_row_a_unit_104_water,Cedar Row Apartments,Cedar Row A,Cedar Row A Unit 104 Water,,,,Water,,,,Enter,SYN-SUB-W-A104,,,Northlake owned,,,,,,,Not entered,
Point,ch_cedar_row_a_unit_104_water_register,Cedar Row Apartments,Cedar Row A,Cedar Row A Unit 104 Water,Register Reading,Reading,43200,Water,Accumulator,,,"Enter, then capture the generated usage and rate-of-change points",,,,,,,,,,,Not entered,
Point,ch_cedar_row_a_unit_104_water_kgal_route,Cedar Row Apartments,Cedar Row A,Cedar Row A Unit 104 Water,Route Usage kgal,kgal,43200,Water,AccumulatorDelta,,,Generated by EEM with its register point,,,,,,,,,,,Not entered,
Meter,cedar_row_a_unit_105_water,Cedar Row Apartments,Cedar Row A,Cedar Row A Unit 105 Water,,,,Water,,,,Enter,SYN-SUB-W-A105,,,Northlake owned,,,,,,,Not entered,
Point,ch_cedar_row_a_unit_105_water_register,Cedar Row Apartments,Cedar Row A,Cedar Row A Unit 105 Water,Register Reading,Reading,43200,Water,Accumulator,,,"Enter, then capture the generated usage and rate-of-change points",,,,,,,,,,,Not entered,
Point,ch_cedar_row_a_unit_105_water_kgal_route,Cedar Row Apartments,Cedar Row A,Cedar Row A Unit 105 Water,Route Usage kgal,kgal,43200,Water,AccumulatorDelta,,,Generated by EEM with its register point,,,,,,,,,,,Not entered,
Meter,cedar_row_a_unit_106_water,Cedar Row Apartments,Cedar Row A,Cedar Row A Unit 106 Water,,,,Water,,,,Enter,SYN-SUB-W-A106,,,Northlake owned,,,,,,,Not entered,
Point,ch_cedar_row_a_unit_106_water_register,Cedar Row Apartments,Cedar Row A,Cedar Row A Unit 106 Water,Register Reading,Reading,43200,Water,Accumulator,,,"Enter, then capture the generated usage and rate-of-change points",,,,,,,,,,,Not entered,
Point,ch_cedar_row_a_unit_106_water_kgal_route,Cedar Row Apartments,Cedar Row A,Cedar Row A Unit 106 Water,Route Usage kgal,kgal,43200,Water,AccumulatorDelta,,,Generated by EEM with its register point,,,,,,,,,,,Not entered,
Meter,cedar_row_a_unit_107_water,Cedar Row Apartments,Cedar Row A,Cedar Row A Unit 107 Water,,,,Water,,,,Enter,SYN-SUB-W-A107,,,Northlake owned,,,,,,,Not entered,
Point,ch_cedar_row_a_unit_107_water_register,Cedar Row Apartments,Cedar Row A,Cedar Row A Unit 107 Water,Register Reading,Reading,43200,Water,Accumulator,,,"Enter, then capture the generated usage and rate-of-change points",,,,,,,,,,,Not entered,
Point,ch_cedar_row_a_unit_107_water_kgal_route,Cedar Row Apartments,Cedar Row A,Cedar Row A Unit 107 Water,Route Usage kgal,kgal,43200,Water,AccumulatorDelta,,,Generated by EEM with its register point,,,,,,,,,,,Not entered,
Meter,cedar_row_a_unit_108_water,Cedar Row Apartments,Cedar Row A,Cedar Row A Unit 108 Water,,,,Water,,,,Enter,SYN-SUB-W-A108,,,Northlake owned,,,,,,,Not entered,
Point,ch_cedar_row_a_unit_108_water_register,Cedar Row Apartments,Cedar Row A,Cedar Row A Unit 108 Water,Register Reading,Reading,43200,Water,Accumulator,,,"Enter, then capture the generated usage and rate-of-change points",,,,,,,,,,,Not entered,
Point,ch_cedar_row_a_unit_108_water_kgal_route,Cedar Row Apartments,Cedar Row A,Cedar Row A Unit 108 Water,Route Usage kgal,kgal,43200,Water,AccumulatorDelta,,,Generated by EEM with its register point,,,,,,,,,,,Not entered,
Meter,cedar_row_a_unit_109_water,Cedar Row Apartments,Cedar Row A,Cedar Row A Unit 109 Water,,,,Water,,,,Enter,SYN-SUB-W-A109,,,Northlake owned,,,,,,,Not entered,
Point,ch_cedar_row_a_unit_109_water_register,Cedar Row Apartments,Cedar Row A,Cedar Row A Unit 109 Water,Register Reading,Reading,43200,Water,Accumulator,,,"Enter, then capture the generated usage and rate-of-change points",,,,,,,,,,,Not entered,
Point,ch_cedar_row_a_unit_109_water_kgal_route,Cedar Row Apartments,Cedar Row A,Cedar Row A Unit 109 Water,Route Usage kgal,kgal,43200,Water,AccumulatorDelta,,,Generated by EEM with its register point,,,,,,,,,,,Not entered,
Meter,cedar_row_a_unit_110_water,Cedar Row Apartments,Cedar Row A,Cedar Row A Unit 110 Water,,,,Water,,,,Enter,SYN-SUB-W-A110,,,Northlake owned,,,,,,,Not entered,
Point,ch_cedar_row_a_unit_110_water_register,Cedar Row Apartments,Cedar Row A,Cedar Row A Unit 110 Water,Register Reading,Reading,43200,Water,Accumulator,,,"Enter, then capture the generated usage and rate-of-change points",,,,,,,,,,,Not entered,
Point,ch_cedar_row_a_unit_110_water_kgal_route,Cedar Row Apartments,Cedar Row A,Cedar Row A Unit 110 Water,Route Usage kgal,kgal,43200,Water,AccumulatorDelta,,,Generated by EEM with its register point,,,,,,,,,,,Not entered,
Meter,cedar_row_a_unit_111_water,Cedar Row Apartments,Cedar Row A,Cedar Row A Unit 111 Water,,,,Water,,,,Enter,SYN-SUB-W-A111,,,Northlake owned,,,,,,,Not entered,
Point,ch_cedar_row_a_unit_111_water_register,Cedar Row Apartments,Cedar Row A,Cedar Row A Unit 111 Water,Register Reading,Reading,43200,Water,Accumulator,,,"Enter, then capture the generated usage and rate-of-change points",,,,,,,,,,,Not entered,
Point,ch_cedar_row_a_unit_111_water_kgal_route,Cedar Row Apartments,Cedar Row A,Cedar Row A Unit 111 Water,Route Usage kgal,kgal,43200,Water,AccumulatorDelta,,,Generated by EEM with its register point,,,,,,,,,,,Not entered,
Meter,cedar_row_a_unit_112_water,Cedar Row Apartments,Cedar Row A,Cedar Row A Unit 112 Water,,,,Water,,,,Enter,SYN-SUB-W-A112,,,Northlake owned,,,,,,,Not entered,
Point,ch_cedar_row_a_unit_112_water_register,Cedar Row Apartments,Cedar Row A,Cedar Row A Unit 112 Water,Register Reading,Reading,43200,Water,Accumulator,,,"Enter, then capture the generated usage and rate-of-change points",,,,,,,,,,,Not entered,
Point,ch_cedar_row_a_unit_112_water_kgal_route,Cedar Row Apartments,Cedar Row A,Cedar Row A Unit 112 Water,Route Usage kgal,kgal,43200,Water,AccumulatorDelta,,,Generated by EEM with its register point,,,,,,,,,,,Not entered,
Meter,cedar_row_a_unit_113_water,Cedar Row Apartments,Cedar Row A,Cedar Row A Unit 113 Water,,,,Water,,,,Enter,SYN-SUB-W-A113,,,Northlake owned,,,,,,,Not entered,
Point,ch_cedar_row_a_unit_113_water_register,Cedar Row Apartments,Cedar Row A,Cedar Row A Unit 113 Water,Register Reading,Reading,43200,Water,Accumulator,,,"Enter, then capture the generated usage and rate-of-change points",,,,,,,,,,,Not entered,
Point,ch_cedar_row_a_unit_113_water_kgal_route,Cedar Row Apartments,Cedar Row A,Cedar Row A Unit 113 Water,Route Usage kgal,kgal,43200,Water,AccumulatorDelta,,,Generated by EEM with its register point,,,,,,,,,,,Not entered,
Meter,cedar_row_a_unit_114_water,Cedar Row Apartments,Cedar Row A,Cedar Row A Unit 114 Water,,,,Water,,,,Enter,SYN-SUB-W-A114,,,Northlake owned,,,,,,,Not entered,
Point,ch_cedar_row_a_unit_114_water_register,Cedar Row Apartments,Cedar Row A,Cedar Row A Unit 114 Water,Register Reading,Reading,43200,Water,Accumulator,,,"Enter, then capture the generated usage and rate-of-change points",,,,,,,,,,,Not entered,
Point,ch_cedar_row_a_unit_114_water_kgal_route,Cedar Row Apartments,Cedar Row A,Cedar Row A Unit 114 Water,Route Usage kgal,kgal,43200,Water,AccumulatorDelta,,,Generated by EEM with its register point,,,,,,,,,,,Not entered,
Meter,cedar_row_a_unit_115_water,Cedar Row Apartments,Cedar Row A,Cedar Row A Unit 115 Water,,,,Water,,,,Enter,SYN-SUB-W-A115,,,Northlake owned,,,,,,,Not entered,
Point,ch_cedar_row_a_unit_115_water_register,Cedar Row Apartments,Cedar Row A,Cedar Row A Unit 115 Water,Register Reading,Reading,43200,Water,Accumulator,,,"Enter, then capture the generated usage and rate-of-change points",,,,,,,,,,,Not entered,
Point,ch_cedar_row_a_unit_115_water_kgal_route,Cedar Row Apartments,Cedar Row A,Cedar Row A Unit 115 Water,Route Usage kgal,kgal,43200,Water,AccumulatorDelta,,,Generated by EEM with its register point,,,,,,,,,,,Not entered,
Meter,cedar_row_a_unit_116_water,Cedar Row Apartments,Cedar Row A,Cedar Row A Unit 116 Water,,,,Water,,,,Enter,SYN-SUB-W-A116,,,Northlake owned,,,,,,,Not entered,
Point,ch_cedar_row_a_unit_116_water_register,Cedar Row Apartments,Cedar Row A,Cedar Row A Unit 116 Water,Register Reading,Reading,43200,Water,Accumulator,,,"Enter, then capture the generated usage and rate-of-change points",,,,,,,,,,,Not entered,
Point,ch_cedar_row_a_unit_116_water_kgal_route,Cedar Row Apartments,Cedar Row A,Cedar Row A Unit 116 Water,Route Usage kgal,kgal,43200,Water,AccumulatorDelta,,,Generated by EEM with its register point,,,,,,,,,,,Not entered,
Meter,cedar_row_a_unit_117_water,Cedar Row Apartments,Cedar Row A,Cedar Row A Unit 117 Water,,,,Water,,,,Enter,SYN-SUB-W-A117,,,Northlake owned,,,,,,,Not entered,
Point,ch_cedar_row_a_unit_117_water_register,Cedar Row Apartments,Cedar Row A,Cedar Row A Unit 117 Water,Register Reading,Reading,43200,Water,Accumulator,,,"Enter, then capture the generated usage and rate-of-change points",,,,,,,,,,,Not entered,
Point,ch_cedar_row_a_unit_117_water_kgal_route,Cedar Row Apartments,Cedar Row A,Cedar Row A Unit 117 Water,Route Usage kgal,kgal,43200,Water,AccumulatorDelta,,,Generated by EEM with its register point,,,,,,,,,,,Not entered,
Meter,cedar_row_a_unit_118_water,Cedar Row Apartments,Cedar Row A,Cedar Row A Unit 118 Water,,,,Water,,,,Enter,SYN-SUB-W-A118,,,Northlake owned,,,,,,,Not entered,
Point,ch_cedar_row_a_unit_118_water_register,Cedar Row Apartments,Cedar Row A,Cedar Row A Unit 118 Water,Register Reading,Reading,43200,Water,Accumulator,,,"Enter, then capture the generated usage and rate-of-change points",,,,,,,,,,,Not entered,
Point,ch_cedar_row_a_unit_118_water_kgal_route,Cedar Row Apartments,Cedar Row A,Cedar Row A Unit 118 Water,Route Usage kgal,kgal,43200,Water,AccumulatorDelta,,,Generated by EEM with its register point,,,,,,,,,,,Not entered,
Meter,cedar_row_a_unit_119_water,Cedar Row Apartments,Cedar Row A,Cedar Row A Unit 119 Water,,,,Water,,,,Enter,SYN-SUB-W-A119,,,Northlake owned,,,,,,,Not entered,
Point,ch_cedar_row_a_unit_119_water_register,Cedar Row Apartments,Cedar Row A,Cedar Row A Unit 119 Water,Register Reading,Reading,43200,Water,Accumulator,,,"Enter, then capture the generated usage and rate-of-change points",,,,,,,,,,,Not entered,
Point,ch_cedar_row_a_unit_119_water_kgal_route,Cedar Row Apartments,Cedar Row A,Cedar Row A Unit 119 Water,Route Usage kgal,kgal,43200,Water,AccumulatorDelta,,,Generated by EEM with its register point,,,,,,,,,,,Not entered,
Meter,cedar_row_a_unit_120_water,Cedar Row Apartments,Cedar Row A,Cedar Row A Unit 120 Water,,,,Water,,,,Enter,SYN-SUB-W-A120,,,Northlake owned,,,,,,,Not entered,
Point,ch_cedar_row_a_unit_120_water_register,Cedar Row Apartments,Cedar Row A,Cedar Row A Unit 120 Water,Register Reading,Reading,43200,Water,Accumulator,,,"Enter, then capture the generated usage and rate-of-change points",,,,,,,,,,,Not entered,
Point,ch_cedar_row_a_unit_120_water_kgal_route,Cedar Row Apartments,Cedar Row A,Cedar Row A Unit 120 Water,Route Usage kgal,kgal,43200,Water,AccumulatorDelta,,,Generated by EEM with its register point,,,,,,,,,,,Not entered,
Meter,cedar_row_a_unit_201_water,Cedar Row Apartments,Cedar Row A,Cedar Row A Unit 201 Water,,,,Water,,,,Enter,SYN-SUB-W-A201,,,Northlake owned,,,,,,,Not entered,
Point,ch_cedar_row_a_unit_201_water_register,Cedar Row Apartments,Cedar Row A,Cedar Row A Unit 201 Water,Register Reading,Reading,43200,Water,Accumulator,,,"Enter, then capture the generated usage and rate-of-change points",,,,,,,,,,,Not entered,
Point,ch_cedar_row_a_unit_201_water_kgal_route,Cedar Row Apartments,Cedar Row A,Cedar Row A Unit 201 Water,Route Usage kgal,kgal,43200,Water,AccumulatorDelta,,,Generated by EEM with its register point,,,,,,,,,,,Not entered,
Meter,cedar_row_a_unit_202_water,Cedar Row Apartments,Cedar Row A,Cedar Row A Unit 202 Water,,,,Water,,,,Enter,SYN-SUB-W-A202,,,Northlake owned,,,,,,,Not entered,
Point,ch_cedar_row_a_unit_202_water_register,Cedar Row Apartments,Cedar Row A,Cedar Row A Unit 202 Water,Register Reading,Reading,43200,Water,Accumulator,,,"Enter, then capture the generated usage and rate-of-change points",,,,,,,,,,,Not entered,
Point,ch_cedar_row_a_unit_202_water_kgal_route,Cedar Row Apartments,Cedar Row A,Cedar Row A Unit 202 Water,Route Usage kgal,kgal,43200,Water,AccumulatorDelta,,,Generated by EEM with its register point,,,,,,,,,,,Not entered,
Meter,cedar_row_a_unit_203_water,Cedar Row Apartments,Cedar Row A,Cedar Row A Unit 203 Water,,,,Water,,,,Enter,SYN-SUB-W-A203,,,Northlake owned,,,,,,,Not entered,
Point,ch_cedar_row_a_unit_203_water_register,Cedar Row Apartments,Cedar Row A,Cedar Row A Unit 203 Water,Register Reading,Reading,43200,Water,Accumulator,,,"Enter, then capture the generated usage and rate-of-change points",,,,,,,,,,,Not entered,
Point,ch_cedar_row_a_unit_203_water_kgal_route,Cedar Row Apartments,Cedar Row A,Cedar Row A Unit 203 Water,Route Usage kgal,kgal,43200,Water,AccumulatorDelta,,,Generated by EEM with its register point,,,,,,,,,,,Not entered,
Meter,cedar_row_a_unit_204_water,Cedar Row Apartments,Cedar Row A,Cedar Row A Unit 204 Water,,,,Water,,,,Enter,SYN-SUB-W-A204,,,Northlake owned,,,,,,,Not entered,
Point,ch_cedar_row_a_unit_204_water_register,Cedar Row Apartments,Cedar Row A,Cedar Row A Unit 204 Water,Register Reading,Reading,43200,Water,Accumulator,,,"Enter, then capture the generated usage and rate-of-change points",,,,,,,,,,,Not entered,
Point,ch_cedar_row_a_unit_204_water_kgal_route,Cedar Row Apartments,Cedar Row A,Cedar Row A Unit 204 Water,Route Usage kgal,kgal,43200,Water,AccumulatorDelta,,,Generated by EEM with its register point,,,,,,,,,,,Not entered,
Meter,cedar_row_a_unit_205_water,Cedar Row Apartments,Cedar Row A,Cedar Row A Unit 205 Water,,,,Water,,,,Enter,SYN-SUB-W-A205,,,Northlake owned,,,,,,,Not entered,
Point,ch_cedar_row_a_unit_205_water_register,Cedar Row Apartments,Cedar Row A,Cedar Row A Unit 205 Water,Register Reading,Reading,43200,Water,Accumulator,,,"Enter, then capture the generated usage and rate-of-change points",,,,,,,,,,,Not entered,
Point,ch_cedar_row_a_unit_205_water_kgal_route,Cedar Row Apartments,Cedar Row A,Cedar Row A Unit 205 Water,Route Usage kgal,kgal,43200,Water,AccumulatorDelta,,,Generated by EEM with its register point,,,,,,,,,,,Not entered,
Meter,cedar_row_a_unit_206_water,Cedar Row Apartments,Cedar Row A,Cedar Row A Unit 206 Water,,,,Water,,,,Enter,SYN-SUB-W-A206,,,Northlake owned,,,,,,,Not entered,
Point,ch_cedar_row_a_unit_206_water_register,Cedar Row Apartments,Cedar Row A,Cedar Row A Unit 206 Water,Register Reading,Reading,43200,Water,Accumulator,,,"Enter, then capture the generated usage and rate-of-change points",,,,,,,,,,,Not entered,
Point,ch_cedar_row_a_unit_206_water_kgal_route,Cedar Row Apartments,Cedar Row A,Cedar Row A Unit 206 Water,Route Usage kgal,kgal,43200,Water,AccumulatorDelta,,,Generated by EEM with its register point,,,,,,,,,,,Not entered,
Meter,cedar_row_a_unit_207_water,Cedar Row Apartments,Cedar Row A,Cedar Row A Unit 207 Water,,,,Water,,,,Enter,SYN-SUB-W-A207,,,Northlake owned,,,,,,,Not entered,
Point,ch_cedar_row_a_unit_207_water_register,Cedar Row Apartments,Cedar Row A,Cedar Row A Unit 207 Water,Register Reading,Reading,43200,Water,Accumulator,,,"Enter, then capture the generated usage and rate-of-change points",,,,,,,,,,,Not entered,
Point,ch_cedar_row_a_unit_207_water_kgal_route,Cedar Row Apartments,Cedar Row A,Cedar Row A Unit 207 Water,Route Usage kgal,kgal,43200,Water,AccumulatorDelta,,,Generated by EEM with its register point,,,,,,,,,,,Not entered,
Meter,cedar_row_a_unit_208_water,Cedar Row Apartments,Cedar Row A,Cedar Row A Unit 208 Water,,,,Water,,,,Enter,SYN-SUB-W-A208,,,Northlake owned,,,,,,,Not entered,
Point,ch_cedar_row_a_unit_208_water_register,Cedar Row Apartments,Cedar Row A,Cedar Row A Unit 208 Water,Register Reading,Reading,43200,Water,Accumulator,,,"Enter, then capture the generated usage and rate-of-change points",,,,,,,,,,,Not entered,
Point,ch_cedar_row_a_unit_208_water_kgal_route,Cedar Row Apartments,Cedar Row A,Cedar Row A Unit 208 Water,Route Usage kgal,kgal,43200,Water,AccumulatorDelta,,,Generated by EEM with its register point,,,,,,,,,,,Not entered,
Meter,cedar_row_a_unit_209_water,Cedar Row Apartments,Cedar Row A,Cedar Row A Unit 209 Water,,,,Water,,,,Enter,SYN-SUB-W-A209,,,Northlake owned,,,,,,,Not entered,
Point,ch_cedar_row_a_unit_209_water_register,Cedar Row Apartments,Cedar Row A,Cedar Row A Unit 209 Water,Register Reading,Reading,43200,Water,Accumulator,,,"Enter, then capture the generated usage and rate-of-change points",,,,,,,,,,,Not entered,
Point,ch_cedar_row_a_unit_209_water_kgal_route,Cedar Row Apartments,Cedar Row A,Cedar Row A Unit 209 Water,Route Usage kgal,kgal,43200,Water,AccumulatorDelta,,,Generated by EEM with its register point,,,,,,,,,,,Not entered,
Meter,cedar_row_a_unit_210_water,Cedar Row Apartments,Cedar Row A,Cedar Row A Unit 210 Water,,,,Water,,,,Enter,SYN-SUB-W-A210,,,Northlake owned,,,,,,,Not entered,
Point,ch_cedar_row_a_unit_210_water_register,Cedar Row Apartments,Cedar Row A,Cedar Row A Unit 210 Water,Register Reading,Reading,43200,Water,Accumulator,,,"Enter, then capture the generated usage and rate-of-change points",,,,,,,,,,,Not entered,
Point,ch_cedar_row_a_unit_210_water_kgal_route,Cedar Row Apartments,Cedar Row A,Cedar Row A Unit 210 Water,Route Usage kgal,kgal,43200,Water,AccumulatorDelta,,,Generated by EEM with its register point,,,,,,,,,,,Not entered,
Meter,cedar_row_a_unit_211_water,Cedar Row Apartments,Cedar Row A,Cedar Row A Unit 211 Water,,,,Water,,,,Enter,SYN-SUB-W-A211,,,Northlake owned,,,,,,,Not entered,
Point,ch_cedar_row_a_unit_211_water_register,Cedar Row Apartments,Cedar Row A,Cedar Row A Unit 211 Water,Register Reading,Reading,43200,Water,Accumulator,,,"Enter, then capture the generated usage and rate-of-change points",,,,,,,,,,,Not entered,
Point,ch_cedar_row_a_unit_211_water_kgal_route,Cedar Row Apartments,Cedar Row A,Cedar Row A Unit 211 Water,Route Usage kgal,kgal,43200,Water,AccumulatorDelta,,,Generated by EEM with its register point,,,,,,,,,,,Not entered,
Meter,cedar_row_a_unit_212_water,Cedar Row Apartments,Cedar Row A,Cedar Row A Unit 212 Water,,,,Water,,,,Enter,SYN-SUB-W-A212,,,Northlake owned,,,,,,,Not entered,
Point,ch_cedar_row_a_unit_212_water_register,Cedar Row Apartments,Cedar Row A,Cedar Row A Unit 212 Water,Register Reading,Reading,43200,Water,Accumulator,,,"Enter, then capture the generated usage and rate-of-change points",,,,,,,,,,,Not entered,
Point,ch_cedar_row_a_unit_212_water_kgal_route,Cedar Row Apartments,Cedar Row A,Cedar Row A Unit 212 Water,Route Usage kgal,kgal,43200,Water,AccumulatorDelta,,,Generated by EEM with its register point,,,,,,,,,,,Not entered,
Meter,cedar_row_a_unit_213_water,Cedar Row Apartments,Cedar Row A,Cedar Row A Unit 213 Water,,,,Water,,,,Enter,SYN-SUB-W-A213,,,Northlake owned,,,,,,,Not entered,
Point,ch_cedar_row_a_unit_213_water_register,Cedar Row Apartments,Cedar Row A,Cedar Row A Unit 213 Water,Register Reading,Reading,43200,Water,Accumulator,,,"Enter, then capture the generated usage and rate-of-change points",,,,,,,,,,,Not entered,
Point,ch_cedar_row_a_unit_213_water_kgal_route,Cedar Row Apartments,Cedar Row A,Cedar Row A Unit 213 Water,Route Usage kgal,kgal,43200,Water,AccumulatorDelta,,,Generated by EEM with its register point,,,,,,,,,,,Not entered,
Meter,cedar_row_a_unit_214_water,Cedar Row Apartments,Cedar Row A,Cedar Row A Unit 214 Water,,,,Water,,,,Enter,SYN-SUB-W-A214,,,Northlake owned,,,,,,,Not entered,
Point,ch_cedar_row_a_unit_214_water_register,Cedar Row Apartments,Cedar Row A,Cedar Row A Unit 214 Water,Register Reading,Reading,43200,Water,Accumulator,,,"Enter, then capture the generated usage and rate-of-change points",,,,,,,,,,,Not entered,
Point,ch_cedar_row_a_unit_214_water_kgal_route,Cedar Row Apartments,Cedar Row A,Cedar Row A Unit 214 Water,Route Usage kgal,kgal,43200,Water,AccumulatorDelta,,,Generated by EEM with its register point,,,,,,,,,,,Not entered,
Meter,cedar_row_a_unit_215_water,Cedar Row Apartments,Cedar Row A,Cedar Row A Unit 215 Water,,,,Water,,,,Enter,SYN-SUB-W-A215,,,Northlake owned,,,,,,,Not entered,
Point,ch_cedar_row_a_unit_215_water_register,Cedar Row Apartments,Cedar Row A,Cedar Row A Unit 215 Water,Register Reading,Reading,43200,Water,Accumulator,,,"Enter, then capture the generated usage and rate-of-change points",,,,,,,,,,,Not entered,
Point,ch_cedar_row_a_unit_215_water_kgal_route,Cedar Row Apartments,Cedar Row A,Cedar Row A Unit 215 Water,Route Usage kgal,kgal,43200,Water,AccumulatorDelta,,,Generated by EEM with its register point,,,,,,,,,,,Not entered,
Meter,cedar_row_a_unit_216_water,Cedar Row Apartments,Cedar Row A,Cedar Row A Unit 216 Water,,,,Water,,,,Enter,SYN-SUB-W-A216,,,Northlake owned,,,,,,,Not entered,
Point,ch_cedar_row_a_unit_216_water_register,Cedar Row Apartments,Cedar Row A,Cedar Row A Unit 216 Water,Register Reading,Reading,43200,Water,Accumulator,,,"Enter, then capture the generated usage and rate-of-change points",,,,,,,,,,,Not entered,
Point,ch_cedar_row_a_unit_216_water_kgal_route,Cedar Row Apartments,Cedar Row A,Cedar Row A Unit 216 Water,Route Usage kgal,kgal,43200,Water,AccumulatorDelta,,,Generated by EEM with its register point,,,,,,,,,,,Not entered,
Meter,cedar_row_a_unit_217_water,Cedar Row Apartments,Cedar Row A,Cedar Row A Unit 217 Water,,,,Water,,,,Enter,SYN-SUB-W-A217,,,Northlake owned,,,,,,,Not entered,
Point,ch_cedar_row_a_unit_217_water_register,Cedar Row Apartments,Cedar Row A,Cedar Row A Unit 217 Water,Register Reading,Reading,43200,Water,Accumulator,,,"Enter, then capture the generated usage and rate-of-change points",,,,,,,,,,,Not entered,
Point,ch_cedar_row_a_unit_217_water_kgal_route,Cedar Row Apartments,Cedar Row A,Cedar Row A Unit 217 Water,Route Usage kgal,kgal,43200,Water,AccumulatorDelta,,,Generated by EEM with its register point,,,,,,,,,,,Not entered,
Meter,cedar_row_a_unit_218_water,Cedar Row Apartments,Cedar Row A,Cedar Row A Unit 218 Water,,,,Water,,,,Enter,SYN-SUB-W-A218,,,Northlake owned,,,,,,,Not entered,
Point,ch_cedar_row_a_unit_218_water_register,Cedar Row Apartments,Cedar Row A,Cedar Row A Unit 218 Water,Register Reading,Reading,43200,Water,Accumulator,,,"Enter, then capture the generated usage and rate-of-change points",,,,,,,,,,,Not entered,
Point,ch_cedar_row_a_unit_218_water_kgal_route,Cedar Row Apartments,Cedar Row A,Cedar Row A Unit 218 Water,Route Usage kgal,kgal,43200,Water,AccumulatorDelta,,,Generated by EEM with its register point,,,,,,,,,,,Not entered,
Meter,cedar_row_a_unit_219_water,Cedar Row Apartments,Cedar Row A,Cedar Row A Unit 219 Water,,,,Water,,,,Enter,SYN-SUB-W-A219,,,Northlake owned,,,,,,,Not entered,
Point,ch_cedar_row_a_unit_219_water_register,Cedar Row Apartments,Cedar Row A,Cedar Row A Unit 219 Water,Register Reading,Reading,43200,Water,Accumulator,,,"Enter, then capture the generated usage and rate-of-change points",,,,,,,,,,,Not entered,
Point,ch_cedar_row_a_unit_219_water_kgal_route,Cedar Row Apartments,Cedar Row A,Cedar Row A Unit 219 Water,Route Usage kgal,kgal,43200,Water,AccumulatorDelta,,,Generated by EEM with its register point,,,,,,,,,,,Not entered,
Meter,cedar_row_a_unit_220_water,Cedar Row Apartments,Cedar Row A,Cedar Row A Unit 220 Water,,,,Water,,,,Enter,SYN-SUB-W-A220,,,Northlake owned,,,,,,,Not entered,
Point,ch_cedar_row_a_unit_220_water_register,Cedar Row Apartments,Cedar Row A,Cedar Row A Unit 220 Water,Register Reading,Reading,43200,Water,Accumulator,,,"Enter, then capture the generated usage and rate-of-change points",,,,,,,,,,,Not entered,
Point,ch_cedar_row_a_unit_220_water_kgal_route,Cedar Row Apartments,Cedar Row A,Cedar Row A Unit 220 Water,Route Usage kgal,kgal,43200,Water,AccumulatorDelta,,,Generated by EEM with its register point,,,,,,,,,,,Not entered,
Meter,cedar_row_a_unit_301_water,Cedar Row Apartments,Cedar Row A,Cedar Row A Unit 301 Water,,,,Water,,,,Enter,SYN-SUB-W-A301,,,Northlake owned,,,,,,,Not entered,
Point,ch_cedar_row_a_unit_301_water_register,Cedar Row Apartments,Cedar Row A,Cedar Row A Unit 301 Water,Register Reading,Reading,43200,Water,Accumulator,,,"Enter, then capture the generated usage and rate-of-change points",,,,,,,,,,,Not entered,
Point,ch_cedar_row_a_unit_301_water_kgal_route,Cedar Row Apartments,Cedar Row A,Cedar Row A Unit 301 Water,Route Usage kgal,kgal,43200,Water,AccumulatorDelta,,,Generated by EEM with its register point,,,,,,,,,,,Not entered,
Meter,cedar_row_a_unit_302_water,Cedar Row Apartments,Cedar Row A,Cedar Row A Unit 302 Water,,,,Water,,,,Enter,SYN-SUB-W-A302,,,Northlake owned,,,,,,,Not entered,
Point,ch_cedar_row_a_unit_302_water_register,Cedar Row Apartments,Cedar Row A,Cedar Row A Unit 302 Water,Register Reading,Reading,43200,Water,Accumulator,,,"Enter, then capture the generated usage and rate-of-change points",,,,,,,,,,,Not entered,
Point,ch_cedar_row_a_unit_302_water_kgal_route,Cedar Row Apartments,Cedar Row A,Cedar Row A Unit 302 Water,Route Usage kgal,kgal,43200,Water,AccumulatorDelta,,,Generated by EEM with its register point,,,,,,,,,,,Not entered,
Meter,cedar_row_a_unit_303_water,Cedar Row Apartments,Cedar Row A,Cedar Row A Unit 303 Water,,,,Water,,,,Enter,SYN-SUB-W-A303,,,Northlake owned,,,,,,,Not entered,
Point,ch_cedar_row_a_unit_303_water_register,Cedar Row Apartments,Cedar Row A,Cedar Row A Unit 303 Water,Register Reading,Reading,43200,Water,Accumulator,,,"Enter, then capture the generated usage and rate-of-change points",,,,,,,,,,,Not entered,
Point,ch_cedar_row_a_unit_303_water_kgal_route,Cedar Row Apartments,Cedar Row A,Cedar Row A Unit 303 Water,Route Usage kgal,kgal,43200,Water,AccumulatorDelta,,,Generated by EEM with its register point,,,,,,,,,,,Not entered,
Meter,cedar_row_a_unit_304_water,Cedar Row Apartments,Cedar Row A,Cedar Row A Unit 304 Water,,,,Water,,,,Enter,SYN-SUB-W-A304,,,Northlake owned,,,,,,,Not entered,
Point,ch_cedar_row_a_unit_304_water_register,Cedar Row Apartments,Cedar Row A,Cedar Row A Unit 304 Water,Register Reading,Reading,43200,Water,Accumulator,,,"Enter, then capture the generated usage and rate-of-change points",,,,,,,,,,,Not entered,
Point,ch_cedar_row_a_unit_304_water_kgal_route,Cedar Row Apartments,Cedar Row A,Cedar Row A Unit 304 Water,Route Usage kgal,kgal,43200,Water,AccumulatorDelta,,,Generated by EEM with its register point,,,,,,,,,,,Not entered,
Meter,cedar_row_a_unit_305_water,Cedar Row Apartments,Cedar Row A,Cedar Row A Unit 305 Water,,,,Water,,,,Enter,SYN-SUB-W-A305,,,Northlake owned,,,,,,,Not entered,
Point,ch_cedar_row_a_unit_305_water_register,Cedar Row Apartments,Cedar Row A,Cedar Row A Unit 305 Water,Register Reading,Reading,43200,Water,Accumulator,,,"Enter, then capture the generated usage and rate-of-change points",,,,,,,,,,,Not entered,
Point,ch_cedar_row_a_unit_305_water_kgal_route,Cedar Row Apartments,Cedar Row A,Cedar Row A Unit 305 Water,Route Usage kgal,kgal,43200,Water,AccumulatorDelta,,,Generated by EEM with its register point,,,,,,,,,,,Not entered,
Meter,cedar_row_a_unit_306_water,Cedar Row Apartments,Cedar Row A,Cedar Row A Unit 306 Water,,,,Water,,,,Enter,SYN-SUB-W-A306,,,Northlake owned,,,,,,,Not entered,
Point,ch_cedar_row_a_unit_306_water_register,Cedar Row Apartments,Cedar Row A,Cedar Row A Unit 306 Water,Register Reading,Reading,43200,Water,Accumulator,,,"Enter, then capture the generated usage and rate-of-change points",,,,,,,,,,,Not entered,
Point,ch_cedar_row_a_unit_306_water_kgal_route,Cedar Row Apartments,Cedar Row A,Cedar Row A Unit 306 Water,Route Usage kgal,kgal,43200,Water,AccumulatorDelta,,,Generated by EEM with its register point,,,,,,,,,,,Not entered,
Meter,cedar_row_a_unit_307_water,Cedar Row Apartments,Cedar Row A,Cedar Row A Unit 307 Water,,,,Water,,,,Enter,SYN-SUB-W-A307,,,Northlake owned,,,,,,,Not entered,
Point,ch_cedar_row_a_unit_307_water_register,Cedar Row Apartments,Cedar Row A,Cedar Row A Unit 307 Water,Register Reading,Reading,43200,Water,Accumulator,,,"Enter, then capture the generated usage and rate-of-change points",,,,,,,,,,,Not entered,
Point,ch_cedar_row_a_unit_307_water_kgal_route,Cedar Row Apartments,Cedar Row A,Cedar Row A Unit 307 Water,Route Usage kgal,kgal,43200,Water,AccumulatorDelta,,,Generated by EEM with its register point,,,,,,,,,,,Not entered,
Meter,cedar_row_a_unit_308_water,Cedar Row Apartments,Cedar Row A,Cedar Row A Unit 308 Water,,,,Water,,,,Enter,SYN-SUB-W-A308,,,Northlake owned,,,,,,,Not entered,
Point,ch_cedar_row_a_unit_308_water_register,Cedar Row Apartments,Cedar Row A,Cedar Row A Unit 308 Water,Register Reading,Reading,43200,Water,Accumulator,,,"Enter, then capture the generated usage and rate-of-change points",,,,,,,,,,,Not entered,
Point,ch_cedar_row_a_unit_308_water_kgal_route,Cedar Row Apartments,Cedar Row A,Cedar Row A Unit 308 Water,Route Usage kgal,kgal,43200,Water,AccumulatorDelta,,,Generated by EEM with its register point,,,,,,,,,,,Not entered,
Meter,cedar_row_a_unit_309_water,Cedar Row Apartments,Cedar Row A,Cedar Row A Unit 309 Water,,,,Water,,,,Enter,SYN-SUB-W-A309,,,Northlake owned,,,,,,,Not entered,
Point,ch_cedar_row_a_unit_309_water_register,Cedar Row Apartments,Cedar Row A,Cedar Row A Unit 309 Water,Register Reading,Reading,43200,Water,Accumulator,,,"Enter, then capture the generated usage and rate-of-change points",,,,,,,,,,,Not entered,
Point,ch_cedar_row_a_unit_309_water_kgal_route,Cedar Row Apartments,Cedar Row A,Cedar Row A Unit 309 Water,Route Usage kgal,kgal,43200,Water,AccumulatorDelta,,,Generated by EEM with its register point,,,,,,,,,,,Not entered,
Meter,cedar_row_a_unit_310_water,Cedar Row Apartments,Cedar Row A,Cedar Row A Unit 310 Water,,,,Water,,,,Enter,SYN-SUB-W-A310,,,Northlake owned,,,,,,,Not entered,
Point,ch_cedar_row_a_unit_310_water_register,Cedar Row Apartments,Cedar Row A,Cedar Row A Unit 310 Water,Register Reading,Reading,43200,Water,Accumulator,,,"Enter, then capture the generated usage and rate-of-change points",,,,,,,,,,,Not entered,
Point,ch_cedar_row_a_unit_310_water_kgal_route,Cedar Row Apartments,Cedar Row A,Cedar Row A Unit 310 Water,Route Usage kgal,kgal,43200,Water,AccumulatorDelta,,,Generated by EEM with its register point,,,,,,,,,,,Not entered,
Meter,cedar_row_a_unit_311_water,Cedar Row Apartments,Cedar Row A,Cedar Row A Unit 311 Water,,,,Water,,,,Enter,SYN-SUB-W-A311,,,Northlake owned,,,,,,,Not entered,
Point,ch_cedar_row_a_unit_311_water_register,Cedar Row Apartments,Cedar Row A,Cedar Row A Unit 311 Water,Register Reading,Reading,43200,Water,Accumulator,,,"Enter, then capture the generated usage and rate-of-change points",,,,,,,,,,,Not entered,
Point,ch_cedar_row_a_unit_311_water_kgal_route,Cedar Row Apartments,Cedar Row A,Cedar Row A Unit 311 Water,Route Usage kgal,kgal,43200,Water,AccumulatorDelta,,,Generated by EEM with its register point,,,,,,,,,,,Not entered,
Meter,cedar_row_a_unit_312_water,Cedar Row Apartments,Cedar Row A,Cedar Row A Unit 312 Water,,,,Water,,,,Enter,SYN-SUB-W-A312,,,Northlake owned,,,,,,,Not entered,
Point,ch_cedar_row_a_unit_312_water_register,Cedar Row Apartments,Cedar Row A,Cedar Row A Unit 312 Water,Register Reading,Reading,43200,Water,Accumulator,,,"Enter, then capture the generated usage and rate-of-change points",,,,,,,,,,,Not entered,
Point,ch_cedar_row_a_unit_312_water_kgal_route,Cedar Row Apartments,Cedar Row A,Cedar Row A Unit 312 Water,Route Usage kgal,kgal,43200,Water,AccumulatorDelta,,,Generated by EEM with its register point,,,,,,,,,,,Not entered,
Meter,cedar_row_a_unit_313_water,Cedar Row Apartments,Cedar Row A,Cedar Row A Unit 313 Water,,,,Water,,,,Enter,SYN-SUB-W-A313,,,Northlake owned,,,,,,,Not entered,
Point,ch_cedar_row_a_unit_313_water_register,Cedar Row Apartments,Cedar Row A,Cedar Row A Unit 313 Water,Register Reading,Reading,43200,Water,Accumulator,,,"Enter, then capture the generated usage and rate-of-change points",,,,,,,,,,,Not entered,
Point,ch_cedar_row_a_unit_313_water_kgal_route,Cedar Row Apartments,Cedar Row A,Cedar Row A Unit 313 Water,Route Usage kgal,kgal,43200,Water,AccumulatorDelta,,,Generated by EEM with its register point,,,,,,,,,,,Not entered,
Meter,cedar_row_a_unit_314_water,Cedar Row Apartments,Cedar Row A,Cedar Row A Unit 314 Water,,,,Water,,,,Enter,SYN-SUB-W-A314,,,Northlake owned,,,,,,,Not entered,
Point,ch_cedar_row_a_unit_314_water_register,Cedar Row Apartments,Cedar Row A,Cedar Row A Unit 314 Water,Register Reading,Reading,43200,Water,Accumulator,,,"Enter, then capture the generated usage and rate-of-change points",,,,,,,,,,,Not entered,
Point,ch_cedar_row_a_unit_314_water_kgal_route,Cedar Row Apartments,Cedar Row A,Cedar Row A Unit 314 Water,Route Usage kgal,kgal,43200,Water,AccumulatorDelta,,,Generated by EEM with its register point,,,,,,,,,,,Not entered,
Meter,cedar_row_a_unit_315_water,Cedar Row Apartments,Cedar Row A,Cedar Row A Unit 315 Water,,,,Water,,,,Enter,SYN-SUB-W-A315,,,Northlake owned,,,,,,,Not entered,
Point,ch_cedar_row_a_unit_315_water_register,Cedar Row Apartments,Cedar Row A,Cedar Row A Unit 315 Water,Register Reading,Reading,43200,Water,Accumulator,,,"Enter, then capture the generated usage and rate-of-change points",,,,,,,,,,,Not entered,
Point,ch_cedar_row_a_unit_315_water_kgal_route,Cedar Row Apartments,Cedar Row A,Cedar Row A Unit 315 Water,Route Usage kgal,kgal,43200,Water,AccumulatorDelta,,,Generated by EEM with its register point,,,,,,,,,,,Not entered,
Meter,cedar_row_a_unit_316_water,Cedar Row Apartments,Cedar Row A,Cedar Row A Unit 316 Water,,,,Water,,,,Enter,SYN-SUB-W-A316,,,Northlake owned,,,,,,,Not entered,
Point,ch_cedar_row_a_unit_316_water_register,Cedar Row Apartments,Cedar Row A,Cedar Row A Unit 316 Water,Register Reading,Reading,43200,Water,Accumulator,,,"Enter, then capture the generated usage and rate-of-change points",,,,,,,,,,,Not entered,
Point,ch_cedar_row_a_unit_316_water_kgal_route,Cedar Row Apartments,Cedar Row A,Cedar Row A Unit 316 Water,Route Usage kgal,kgal,43200,Water,AccumulatorDelta,,,Generated by EEM with its register point,,,,,,,,,,,Not entered,
Meter,cedar_row_a_unit_317_water,Cedar Row Apartments,Cedar Row A,Cedar Row A Unit 317 Water,,,,Water,,,,Enter,SYN-SUB-W-A317,,,Northlake owned,,,,,,,Not entered,
Point,ch_cedar_row_a_unit_317_water_register,Cedar Row Apartments,Cedar Row A,Cedar Row A Unit 317 Water,Register Reading,Reading,43200,Water,Accumulator,,,"Enter, then capture the generated usage and rate-of-change points",,,,,,,,,,,Not entered,
Point,ch_cedar_row_a_unit_317_water_kgal_route,Cedar Row Apartments,Cedar Row A,Cedar Row A Unit 317 Water,Route Usage kgal,kgal,43200,Water,AccumulatorDelta,,,Generated by EEM with its register point,,,,,,,,,,,Not entered,
Meter,cedar_row_a_unit_318_water,Cedar Row Apartments,Cedar Row A,Cedar Row A Unit 318 Water,,,,Water,,,,Enter,SYN-SUB-W-A318,,,Northlake owned,,,,,,,Not entered,
Point,ch_cedar_row_a_unit_318_water_register,Cedar Row Apartments,Cedar Row A,Cedar Row A Unit 318 Water,Register Reading,Reading,43200,Water,Accumulator,,,"Enter, then capture the generated usage and rate-of-change points",,,,,,,,,,,Not entered,
Point,ch_cedar_row_a_unit_318_water_kgal_route,Cedar Row Apartments,Cedar Row A,Cedar Row A Unit 318 Water,Route Usage kgal,kgal,43200,Water,AccumulatorDelta,,,Generated by EEM with its register point,,,,,,,,,,,Not entered,
Meter,cedar_row_a_unit_319_water,Cedar Row Apartments,Cedar Row A,Cedar Row A Unit 319 Water,,,,Water,,,,Enter,SYN-SUB-W-A319,,,Northlake owned,,,,,,,Not entered,
Point,ch_cedar_row_a_unit_319_water_register,Cedar Row Apartments,Cedar Row A,Cedar Row A Unit 319 Water,Register Reading,Reading,43200,Water,Accumulator,,,"Enter, then capture the generated usage and rate-of-change points",,,,,,,,,,,Not entered,
Point,ch_cedar_row_a_unit_319_water_kgal_route,Cedar Row Apartments,Cedar Row A,Cedar Row A Unit 319 Water,Route Usage kgal,kgal,43200,Water,AccumulatorDelta,,,Generated by EEM with its register point,,,,,,,,,,,Not entered,
Meter,cedar_row_a_unit_320_water,Cedar Row Apartments,Cedar Row A,Cedar Row A Unit 320 Water,,,,Water,,,,Enter,SYN-SUB-W-A320,,,Northlake owned,,,,,,,Not entered,
Point,ch_cedar_row_a_unit_320_water_register,Cedar Row Apartments,Cedar Row A,Cedar Row A Unit 320 Water,Register Reading,Reading,43200,Water,Accumulator,,,"Enter, then capture the generated usage and rate-of-change points",,,,,,,,,,,Not entered,
Point,ch_cedar_row_a_unit_320_water_kgal_route,Cedar Row Apartments,Cedar Row A,Cedar Row A Unit 320 Water,Route Usage kgal,kgal,43200,Water,AccumulatorDelta,,,Generated by EEM with its register point,,,,,,,,,,,Not entered,
Meter,cedar_row_a_house_water,Cedar Row Apartments,Cedar Row A,Cedar Row A Water House,,,,Water,,,,Enter,SYN-SUB-W-AH,,,Northlake owned,,,,,,,Not entered,
Point,ch_cedar_row_a_house_water_register,Cedar Row Apartments,Cedar Row A,Cedar Row A Water House,Register Reading,Reading,43200,Water,Accumulator,,,"Enter, then capture the generated usage and rate-of-change points",,,,,,,,,,,Not entered,
Point,ch_cedar_row_a_house_water_kgal_route,Cedar Row Apartments,Cedar Row A,Cedar Row A Water House,Route Usage kgal,kgal,43200,Water,AccumulatorDelta,,,Generated by EEM with its register point,,,,,,,,,,,Not entered,
Meter,cedar_row_b_unit_101_electric,Cedar Row Apartments,Cedar Row B,Cedar Row B Unit 101 Electric,,,,Electric,,,,Enter,SYN-SUB-E-B101,,,Northlake owned,,,,,,,Not entered,
Point,ch_cedar_row_b_unit_101_kwh_60m,Cedar Row Apartments,Cedar Row B,Cedar Row B Unit 101 Electric,Submeter kWh 60m,kWh,60,Electric,Analog,60,,Enter,,,,,,,,,,,Not entered,
Meter,cedar_row_b_unit_102_electric,Cedar Row Apartments,Cedar Row B,Cedar Row B Unit 102 Electric,,,,Electric,,,,Enter,SYN-SUB-E-B102,,,Northlake owned,,,,,,,Not entered,
Point,ch_cedar_row_b_unit_102_kwh_60m,Cedar Row Apartments,Cedar Row B,Cedar Row B Unit 102 Electric,Submeter kWh 60m,kWh,60,Electric,Analog,60,,Enter,,,,,,,,,,,Not entered,
Meter,cedar_row_b_unit_103_electric,Cedar Row Apartments,Cedar Row B,Cedar Row B Unit 103 Electric,,,,Electric,,,,Enter,SYN-SUB-E-B103,,,Northlake owned,,,,,,,Not entered,
Point,ch_cedar_row_b_unit_103_kwh_60m,Cedar Row Apartments,Cedar Row B,Cedar Row B Unit 103 Electric,Submeter kWh 60m,kWh,60,Electric,Analog,60,,Enter,,,,,,,,,,,Not entered,
Meter,cedar_row_b_unit_104_electric,Cedar Row Apartments,Cedar Row B,Cedar Row B Unit 104 Electric,,,,Electric,,,,Enter,SYN-SUB-E-B104,,,Northlake owned,,,,,,,Not entered,
Point,ch_cedar_row_b_unit_104_kwh_60m,Cedar Row Apartments,Cedar Row B,Cedar Row B Unit 104 Electric,Submeter kWh 60m,kWh,60,Electric,Analog,60,,Enter,,,,,,,,,,,Not entered,
Meter,cedar_row_b_unit_105_electric,Cedar Row Apartments,Cedar Row B,Cedar Row B Unit 105 Electric,,,,Electric,,,,Enter,SYN-SUB-E-B105,,,Northlake owned,,,,,,,Not entered,
Point,ch_cedar_row_b_unit_105_kwh_60m,Cedar Row Apartments,Cedar Row B,Cedar Row B Unit 105 Electric,Submeter kWh 60m,kWh,60,Electric,Analog,60,,Enter,,,,,,,,,,,Not entered,
Meter,cedar_row_b_unit_106_electric,Cedar Row Apartments,Cedar Row B,Cedar Row B Unit 106 Electric,,,,Electric,,,,Enter,SYN-SUB-E-B106,,,Northlake owned,,,,,,,Not entered,
Point,ch_cedar_row_b_unit_106_kwh_60m,Cedar Row Apartments,Cedar Row B,Cedar Row B Unit 106 Electric,Submeter kWh 60m,kWh,60,Electric,Analog,60,,Enter,,,,,,,,,,,Not entered,
Meter,cedar_row_b_unit_107_electric,Cedar Row Apartments,Cedar Row B,Cedar Row B Unit 107 Electric,,,,Electric,,,,Enter,SYN-SUB-E-B107,,,Northlake owned,,,,,,,Not entered,
Point,ch_cedar_row_b_unit_107_kwh_60m,Cedar Row Apartments,Cedar Row B,Cedar Row B Unit 107 Electric,Submeter kWh 60m,kWh,60,Electric,Analog,60,,Enter,,,,,,,,,,,Not entered,
Meter,cedar_row_b_unit_108_electric,Cedar Row Apartments,Cedar Row B,Cedar Row B Unit 108 Electric,,,,Electric,,,,Enter,SYN-SUB-E-B108,,,Northlake owned,,,,,,,Not entered,
Point,ch_cedar_row_b_unit_108_kwh_60m,Cedar Row Apartments,Cedar Row B,Cedar Row B Unit 108 Electric,Submeter kWh 60m,kWh,60,Electric,Analog,60,,Enter,,,,,,,,,,,Not entered,
Meter,cedar_row_b_unit_109_electric,Cedar Row Apartments,Cedar Row B,Cedar Row B Unit 109 Electric,,,,Electric,,,,Enter,SYN-SUB-E-B109,,,Northlake owned,,,,,,,Not entered,
Point,ch_cedar_row_b_unit_109_kwh_60m,Cedar Row Apartments,Cedar Row B,Cedar Row B Unit 109 Electric,Submeter kWh 60m,kWh,60,Electric,Analog,60,,Enter,,,,,,,,,,,Not entered,
Meter,cedar_row_b_unit_110_electric,Cedar Row Apartments,Cedar Row B,Cedar Row B Unit 110 Electric,,,,Electric,,,,Enter,SYN-SUB-E-B110,,,Northlake owned,,,,,,,Not entered,
Point,ch_cedar_row_b_unit_110_kwh_60m,Cedar Row Apartments,Cedar Row B,Cedar Row B Unit 110 Electric,Submeter kWh 60m,kWh,60,Electric,Analog,60,,Enter,,,,,,,,,,,Not entered,
Meter,cedar_row_b_unit_111_electric,Cedar Row Apartments,Cedar Row B,Cedar Row B Unit 111 Electric,,,,Electric,,,,Enter,SYN-SUB-E-B111,,,Northlake owned,,,,,,,Not entered,
Point,ch_cedar_row_b_unit_111_kwh_60m,Cedar Row Apartments,Cedar Row B,Cedar Row B Unit 111 Electric,Submeter kWh 60m,kWh,60,Electric,Analog,60,,Enter,,,,,,,,,,,Not entered,
Meter,cedar_row_b_unit_112_electric,Cedar Row Apartments,Cedar Row B,Cedar Row B Unit 112 Electric,,,,Electric,,,,Enter,SYN-SUB-E-B112,,,Northlake owned,,,,,,,Not entered,
Point,ch_cedar_row_b_unit_112_kwh_60m,Cedar Row Apartments,Cedar Row B,Cedar Row B Unit 112 Electric,Submeter kWh 60m,kWh,60,Electric,Analog,60,,Enter,,,,,,,,,,,Not entered,
Meter,cedar_row_b_unit_113_electric,Cedar Row Apartments,Cedar Row B,Cedar Row B Unit 113 Electric,,,,Electric,,,,Enter,SYN-SUB-E-B113,,,Northlake owned,,,,,,,Not entered,
Point,ch_cedar_row_b_unit_113_kwh_60m,Cedar Row Apartments,Cedar Row B,Cedar Row B Unit 113 Electric,Submeter kWh 60m,kWh,60,Electric,Analog,60,,Enter,,,,,,,,,,,Not entered,
Meter,cedar_row_b_unit_114_electric,Cedar Row Apartments,Cedar Row B,Cedar Row B Unit 114 Electric,,,,Electric,,,,Enter,SYN-SUB-E-B114,,,Northlake owned,,,,,,,Not entered,
Point,ch_cedar_row_b_unit_114_kwh_60m,Cedar Row Apartments,Cedar Row B,Cedar Row B Unit 114 Electric,Submeter kWh 60m,kWh,60,Electric,Analog,60,,Enter,,,,,,,,,,,Not entered,
Meter,cedar_row_b_unit_115_electric,Cedar Row Apartments,Cedar Row B,Cedar Row B Unit 115 Electric,,,,Electric,,,,Enter,SYN-SUB-E-B115,,,Northlake owned,,,,,,,Not entered,
Point,ch_cedar_row_b_unit_115_kwh_60m,Cedar Row Apartments,Cedar Row B,Cedar Row B Unit 115 Electric,Submeter kWh 60m,kWh,60,Electric,Analog,60,,Enter,,,,,,,,,,,Not entered,
Meter,cedar_row_b_unit_116_electric,Cedar Row Apartments,Cedar Row B,Cedar Row B Unit 116 Electric,,,,Electric,,,,Enter,SYN-SUB-E-B116,,,Northlake owned,,,,,,,Not entered,
Point,ch_cedar_row_b_unit_116_kwh_60m,Cedar Row Apartments,Cedar Row B,Cedar Row B Unit 116 Electric,Submeter kWh 60m,kWh,60,Electric,Analog,60,,Enter,,,,,,,,,,,Not entered,
Meter,cedar_row_b_unit_201_electric,Cedar Row Apartments,Cedar Row B,Cedar Row B Unit 201 Electric,,,,Electric,,,,Enter,SYN-SUB-E-B201,,,Northlake owned,,,,,,,Not entered,
Point,ch_cedar_row_b_unit_201_kwh_60m,Cedar Row Apartments,Cedar Row B,Cedar Row B Unit 201 Electric,Submeter kWh 60m,kWh,60,Electric,Analog,60,,Enter,,,,,,,,,,,Not entered,
Meter,cedar_row_b_unit_202_electric,Cedar Row Apartments,Cedar Row B,Cedar Row B Unit 202 Electric,,,,Electric,,,,Enter,SYN-SUB-E-B202,,,Northlake owned,,,,,,,Not entered,
Point,ch_cedar_row_b_unit_202_kwh_60m,Cedar Row Apartments,Cedar Row B,Cedar Row B Unit 202 Electric,Submeter kWh 60m,kWh,60,Electric,Analog,60,,Enter,,,,,,,,,,,Not entered,
Meter,cedar_row_b_unit_203_electric,Cedar Row Apartments,Cedar Row B,Cedar Row B Unit 203 Electric,,,,Electric,,,,Enter,SYN-SUB-E-B203,,,Northlake owned,,,,,,,Not entered,
Point,ch_cedar_row_b_unit_203_kwh_60m,Cedar Row Apartments,Cedar Row B,Cedar Row B Unit 203 Electric,Submeter kWh 60m,kWh,60,Electric,Analog,60,,Enter,,,,,,,,,,,Not entered,
Meter,cedar_row_b_unit_204_electric,Cedar Row Apartments,Cedar Row B,Cedar Row B Unit 204 Electric,,,,Electric,,,,Enter,SYN-SUB-E-B204,,,Northlake owned,,,,,,,Not entered,
Point,ch_cedar_row_b_unit_204_kwh_60m,Cedar Row Apartments,Cedar Row B,Cedar Row B Unit 204 Electric,Submeter kWh 60m,kWh,60,Electric,Analog,60,,Enter,,,,,,,,,,,Not entered,
Meter,cedar_row_b_unit_205_electric,Cedar Row Apartments,Cedar Row B,Cedar Row B Unit 205 Electric,,,,Electric,,,,Enter,SYN-SUB-E-B205,,,Northlake owned,,,,,,,Not entered,
Point,ch_cedar_row_b_unit_205_kwh_60m,Cedar Row Apartments,Cedar Row B,Cedar Row B Unit 205 Electric,Submeter kWh 60m,kWh,60,Electric,Analog,60,,Enter,,,,,,,,,,,Not entered,
Meter,cedar_row_b_unit_206_electric,Cedar Row Apartments,Cedar Row B,Cedar Row B Unit 206 Electric,,,,Electric,,,,Enter,SYN-SUB-E-B206,,,Northlake owned,,,,,,,Not entered,
Point,ch_cedar_row_b_unit_206_kwh_60m,Cedar Row Apartments,Cedar Row B,Cedar Row B Unit 206 Electric,Submeter kWh 60m,kWh,60,Electric,Analog,60,,Enter,,,,,,,,,,,Not entered,
Meter,cedar_row_b_unit_207_electric,Cedar Row Apartments,Cedar Row B,Cedar Row B Unit 207 Electric,,,,Electric,,,,Enter,SYN-SUB-E-B207,,,Northlake owned,,,,,,,Not entered,
Point,ch_cedar_row_b_unit_207_kwh_60m,Cedar Row Apartments,Cedar Row B,Cedar Row B Unit 207 Electric,Submeter kWh 60m,kWh,60,Electric,Analog,60,,Enter,,,,,,,,,,,Not entered,
Meter,cedar_row_b_unit_208_electric,Cedar Row Apartments,Cedar Row B,Cedar Row B Unit 208 Electric,,,,Electric,,,,Enter,SYN-SUB-E-B208,,,Northlake owned,,,,,,,Not entered,
Point,ch_cedar_row_b_unit_208_kwh_60m,Cedar Row Apartments,Cedar Row B,Cedar Row B Unit 208 Electric,Submeter kWh 60m,kWh,60,Electric,Analog,60,,Enter,,,,,,,,,,,Not entered,
Meter,cedar_row_b_unit_209_electric,Cedar Row Apartments,Cedar Row B,Cedar Row B Unit 209 Electric,,,,Electric,,,,Enter,SYN-SUB-E-B209,,,Northlake owned,,,,,,,Not entered,
Point,ch_cedar_row_b_unit_209_kwh_60m,Cedar Row Apartments,Cedar Row B,Cedar Row B Unit 209 Electric,Submeter kWh 60m,kWh,60,Electric,Analog,60,,Enter,,,,,,,,,,,Not entered,
Meter,cedar_row_b_unit_210_electric,Cedar Row Apartments,Cedar Row B,Cedar Row B Unit 210 Electric,,,,Electric,,,,Enter,SYN-SUB-E-B210,,,Northlake owned,,,,,,,Not entered,
Point,ch_cedar_row_b_unit_210_kwh_60m,Cedar Row Apartments,Cedar Row B,Cedar Row B Unit 210 Electric,Submeter kWh 60m,kWh,60,Electric,Analog,60,,Enter,,,,,,,,,,,Not entered,
Meter,cedar_row_b_unit_211_electric,Cedar Row Apartments,Cedar Row B,Cedar Row B Unit 211 Electric,,,,Electric,,,,Enter,SYN-SUB-E-B211,,,Northlake owned,,,,,,,Not entered,
Point,ch_cedar_row_b_unit_211_kwh_60m,Cedar Row Apartments,Cedar Row B,Cedar Row B Unit 211 Electric,Submeter kWh 60m,kWh,60,Electric,Analog,60,,Enter,,,,,,,,,,,Not entered,
Meter,cedar_row_b_unit_212_electric,Cedar Row Apartments,Cedar Row B,Cedar Row B Unit 212 Electric,,,,Electric,,,,Enter,SYN-SUB-E-B212,,,Northlake owned,,,,,,,Not entered,
Point,ch_cedar_row_b_unit_212_kwh_60m,Cedar Row Apartments,Cedar Row B,Cedar Row B Unit 212 Electric,Submeter kWh 60m,kWh,60,Electric,Analog,60,,Enter,,,,,,,,,,,Not entered,
Meter,cedar_row_b_unit_213_electric,Cedar Row Apartments,Cedar Row B,Cedar Row B Unit 213 Electric,,,,Electric,,,,Enter,SYN-SUB-E-B213,,,Northlake owned,,,,,,,Not entered,
Point,ch_cedar_row_b_unit_213_kwh_60m,Cedar Row Apartments,Cedar Row B,Cedar Row B Unit 213 Electric,Submeter kWh 60m,kWh,60,Electric,Analog,60,,Enter,,,,,,,,,,,Not entered,
Meter,cedar_row_b_unit_214_electric,Cedar Row Apartments,Cedar Row B,Cedar Row B Unit 214 Electric,,,,Electric,,,,Enter,SYN-SUB-E-B214,,,Northlake owned,,,,,,,Not entered,
Point,ch_cedar_row_b_unit_214_kwh_60m,Cedar Row Apartments,Cedar Row B,Cedar Row B Unit 214 Electric,Submeter kWh 60m,kWh,60,Electric,Analog,60,,Enter,,,,,,,,,,,Not entered,
Meter,cedar_row_b_unit_215_electric,Cedar Row Apartments,Cedar Row B,Cedar Row B Unit 215 Electric,,,,Electric,,,,Enter,SYN-SUB-E-B215,,,Northlake owned,,,,,,,Not entered,
Point,ch_cedar_row_b_unit_215_kwh_60m,Cedar Row Apartments,Cedar Row B,Cedar Row B Unit 215 Electric,Submeter kWh 60m,kWh,60,Electric,Analog,60,,Enter,,,,,,,,,,,Not entered,
Meter,cedar_row_b_unit_216_electric,Cedar Row Apartments,Cedar Row B,Cedar Row B Unit 216 Electric,,,,Electric,,,,Enter,SYN-SUB-E-B216,,,Northlake owned,,,,,,,Not entered,
Point,ch_cedar_row_b_unit_216_kwh_60m,Cedar Row Apartments,Cedar Row B,Cedar Row B Unit 216 Electric,Submeter kWh 60m,kWh,60,Electric,Analog,60,,Enter,,,,,,,,,,,Not entered,
Meter,cedar_row_b_unit_301_electric,Cedar Row Apartments,Cedar Row B,Cedar Row B Unit 301 Electric,,,,Electric,,,,Enter,SYN-SUB-E-B301,,,Northlake owned,,,,,,,Not entered,
Point,ch_cedar_row_b_unit_301_kwh_60m,Cedar Row Apartments,Cedar Row B,Cedar Row B Unit 301 Electric,Submeter kWh 60m,kWh,60,Electric,Analog,60,,Enter,,,,,,,,,,,Not entered,
Meter,cedar_row_b_unit_302_electric,Cedar Row Apartments,Cedar Row B,Cedar Row B Unit 302 Electric,,,,Electric,,,,Enter,SYN-SUB-E-B302,,,Northlake owned,,,,,,,Not entered,
Point,ch_cedar_row_b_unit_302_kwh_60m,Cedar Row Apartments,Cedar Row B,Cedar Row B Unit 302 Electric,Submeter kWh 60m,kWh,60,Electric,Analog,60,,Enter,,,,,,,,,,,Not entered,
Meter,cedar_row_b_unit_303_electric,Cedar Row Apartments,Cedar Row B,Cedar Row B Unit 303 Electric,,,,Electric,,,,Enter,SYN-SUB-E-B303,,,Northlake owned,,,,,,,Not entered,
Point,ch_cedar_row_b_unit_303_kwh_60m,Cedar Row Apartments,Cedar Row B,Cedar Row B Unit 303 Electric,Submeter kWh 60m,kWh,60,Electric,Analog,60,,Enter,,,,,,,,,,,Not entered,
Meter,cedar_row_b_unit_304_electric,Cedar Row Apartments,Cedar Row B,Cedar Row B Unit 304 Electric,,,,Electric,,,,Enter,SYN-SUB-E-B304,,,Northlake owned,,,,,,,Not entered,
Point,ch_cedar_row_b_unit_304_kwh_60m,Cedar Row Apartments,Cedar Row B,Cedar Row B Unit 304 Electric,Submeter kWh 60m,kWh,60,Electric,Analog,60,,Enter,,,,,,,,,,,Not entered,
Meter,cedar_row_b_unit_305_electric,Cedar Row Apartments,Cedar Row B,Cedar Row B Unit 305 Electric,,,,Electric,,,,Enter,SYN-SUB-E-B305,,,Northlake owned,,,,,,,Not entered,
Point,ch_cedar_row_b_unit_305_kwh_60m,Cedar Row Apartments,Cedar Row B,Cedar Row B Unit 305 Electric,Submeter kWh 60m,kWh,60,Electric,Analog,60,,Enter,,,,,,,,,,,Not entered,
Meter,cedar_row_b_unit_306_electric,Cedar Row Apartments,Cedar Row B,Cedar Row B Unit 306 Electric,,,,Electric,,,,Enter,SYN-SUB-E-B306,,,Northlake owned,,,,,,,Not entered,
Point,ch_cedar_row_b_unit_306_kwh_60m,Cedar Row Apartments,Cedar Row B,Cedar Row B Unit 306 Electric,Submeter kWh 60m,kWh,60,Electric,Analog,60,,Enter,,,,,,,,,,,Not entered,
Meter,cedar_row_b_unit_307_electric,Cedar Row Apartments,Cedar Row B,Cedar Row B Unit 307 Electric,,,,Electric,,,,Enter,SYN-SUB-E-B307,,,Northlake owned,,,,,,,Not entered,
Point,ch_cedar_row_b_unit_307_kwh_60m,Cedar Row Apartments,Cedar Row B,Cedar Row B Unit 307 Electric,Submeter kWh 60m,kWh,60,Electric,Analog,60,,Enter,,,,,,,,,,,Not entered,
Meter,cedar_row_b_unit_308_electric,Cedar Row Apartments,Cedar Row B,Cedar Row B Unit 308 Electric,,,,Electric,,,,Enter,SYN-SUB-E-B308,,,Northlake owned,,,,,,,Not entered,
Point,ch_cedar_row_b_unit_308_kwh_60m,Cedar Row Apartments,Cedar Row B,Cedar Row B Unit 308 Electric,Submeter kWh 60m,kWh,60,Electric,Analog,60,,Enter,,,,,,,,,,,Not entered,
Meter,cedar_row_b_unit_309_electric,Cedar Row Apartments,Cedar Row B,Cedar Row B Unit 309 Electric,,,,Electric,,,,Enter,SYN-SUB-E-B309,,,Northlake owned,,,,,,,Not entered,
Point,ch_cedar_row_b_unit_309_kwh_60m,Cedar Row Apartments,Cedar Row B,Cedar Row B Unit 309 Electric,Submeter kWh 60m,kWh,60,Electric,Analog,60,,Enter,,,,,,,,,,,Not entered,
Meter,cedar_row_b_unit_310_electric,Cedar Row Apartments,Cedar Row B,Cedar Row B Unit 310 Electric,,,,Electric,,,,Enter,SYN-SUB-E-B310,,,Northlake owned,,,,,,,Not entered,
Point,ch_cedar_row_b_unit_310_kwh_60m,Cedar Row Apartments,Cedar Row B,Cedar Row B Unit 310 Electric,Submeter kWh 60m,kWh,60,Electric,Analog,60,,Enter,,,,,,,,,,,Not entered,
Meter,cedar_row_b_unit_311_electric,Cedar Row Apartments,Cedar Row B,Cedar Row B Unit 311 Electric,,,,Electric,,,,Enter,SYN-SUB-E-B311,,,Northlake owned,,,,,,,Not entered,
Point,ch_cedar_row_b_unit_311_kwh_60m,Cedar Row Apartments,Cedar Row B,Cedar Row B Unit 311 Electric,Submeter kWh 60m,kWh,60,Electric,Analog,60,,Enter,,,,,,,,,,,Not entered,
Meter,cedar_row_b_unit_312_electric,Cedar Row Apartments,Cedar Row B,Cedar Row B Unit 312 Electric,,,,Electric,,,,Enter,SYN-SUB-E-B312,,,Northlake owned,,,,,,,Not entered,
Point,ch_cedar_row_b_unit_312_kwh_60m,Cedar Row Apartments,Cedar Row B,Cedar Row B Unit 312 Electric,Submeter kWh 60m,kWh,60,Electric,Analog,60,,Enter,,,,,,,,,,,Not entered,
Meter,cedar_row_b_unit_313_electric,Cedar Row Apartments,Cedar Row B,Cedar Row B Unit 313 Electric,,,,Electric,,,,Enter,SYN-SUB-E-B313,,,Northlake owned,,,,,,,Not entered,
Point,ch_cedar_row_b_unit_313_kwh_60m,Cedar Row Apartments,Cedar Row B,Cedar Row B Unit 313 Electric,Submeter kWh 60m,kWh,60,Electric,Analog,60,,Enter,,,,,,,,,,,Not entered,
Meter,cedar_row_b_unit_314_electric,Cedar Row Apartments,Cedar Row B,Cedar Row B Unit 314 Electric,,,,Electric,,,,Enter,SYN-SUB-E-B314,,,Northlake owned,,,,,,,Not entered,
Point,ch_cedar_row_b_unit_314_kwh_60m,Cedar Row Apartments,Cedar Row B,Cedar Row B Unit 314 Electric,Submeter kWh 60m,kWh,60,Electric,Analog,60,,Enter,,,,,,,,,,,Not entered,
Meter,cedar_row_b_unit_315_electric,Cedar Row Apartments,Cedar Row B,Cedar Row B Unit 315 Electric,,,,Electric,,,,Enter,SYN-SUB-E-B315,,,Northlake owned,,,,,,,Not entered,
Point,ch_cedar_row_b_unit_315_kwh_60m,Cedar Row Apartments,Cedar Row B,Cedar Row B Unit 315 Electric,Submeter kWh 60m,kWh,60,Electric,Analog,60,,Enter,,,,,,,,,,,Not entered,
Meter,cedar_row_b_unit_316_electric,Cedar Row Apartments,Cedar Row B,Cedar Row B Unit 316 Electric,,,,Electric,,,,Enter,SYN-SUB-E-B316,,,Northlake owned,,,,,,,Not entered,
Point,ch_cedar_row_b_unit_316_kwh_60m,Cedar Row Apartments,Cedar Row B,Cedar Row B Unit 316 Electric,Submeter kWh 60m,kWh,60,Electric,Analog,60,,Enter,,,,,,,,,,,Not entered,
Meter,cedar_row_b_unit_401_electric,Cedar Row Apartments,Cedar Row B,Cedar Row B Unit 401 Electric,,,,Electric,,,,Enter,SYN-SUB-E-B401,,,Northlake owned,,,,,,,Not entered,
Point,ch_cedar_row_b_unit_401_kwh_60m,Cedar Row Apartments,Cedar Row B,Cedar Row B Unit 401 Electric,Submeter kWh 60m,kWh,60,Electric,Analog,60,,Enter,,,,,,,,,,,Not entered,
Meter,cedar_row_b_unit_402_electric,Cedar Row Apartments,Cedar Row B,Cedar Row B Unit 402 Electric,,,,Electric,,,,Enter,SYN-SUB-E-B402,,,Northlake owned,,,,,,,Not entered,
Point,ch_cedar_row_b_unit_402_kwh_60m,Cedar Row Apartments,Cedar Row B,Cedar Row B Unit 402 Electric,Submeter kWh 60m,kWh,60,Electric,Analog,60,,Enter,,,,,,,,,,,Not entered,
Meter,cedar_row_b_unit_403_electric,Cedar Row Apartments,Cedar Row B,Cedar Row B Unit 403 Electric,,,,Electric,,,,Enter,SYN-SUB-E-B403,,,Northlake owned,,,,,,,Not entered,
Point,ch_cedar_row_b_unit_403_kwh_60m,Cedar Row Apartments,Cedar Row B,Cedar Row B Unit 403 Electric,Submeter kWh 60m,kWh,60,Electric,Analog,60,,Enter,,,,,,,,,,,Not entered,
Meter,cedar_row_b_unit_404_electric,Cedar Row Apartments,Cedar Row B,Cedar Row B Unit 404 Electric,,,,Electric,,,,Enter,SYN-SUB-E-B404,,,Northlake owned,,,,,,,Not entered,
Point,ch_cedar_row_b_unit_404_kwh_60m,Cedar Row Apartments,Cedar Row B,Cedar Row B Unit 404 Electric,Submeter kWh 60m,kWh,60,Electric,Analog,60,,Enter,,,,,,,,,,,Not entered,
Meter,cedar_row_b_unit_405_electric,Cedar Row Apartments,Cedar Row B,Cedar Row B Unit 405 Electric,,,,Electric,,,,Enter,SYN-SUB-E-B405,,,Northlake owned,,,,,,,Not entered,
Point,ch_cedar_row_b_unit_405_kwh_60m,Cedar Row Apartments,Cedar Row B,Cedar Row B Unit 405 Electric,Submeter kWh 60m,kWh,60,Electric,Analog,60,,Enter,,,,,,,,,,,Not entered,
Meter,cedar_row_b_unit_406_electric,Cedar Row Apartments,Cedar Row B,Cedar Row B Unit 406 Electric,,,,Electric,,,,Enter,SYN-SUB-E-B406,,,Northlake owned,,,,,,,Not entered,
Point,ch_cedar_row_b_unit_406_kwh_60m,Cedar Row Apartments,Cedar Row B,Cedar Row B Unit 406 Electric,Submeter kWh 60m,kWh,60,Electric,Analog,60,,Enter,,,,,,,,,,,Not entered,
Meter,cedar_row_b_unit_407_electric,Cedar Row Apartments,Cedar Row B,Cedar Row B Unit 407 Electric,,,,Electric,,,,Enter,SYN-SUB-E-B407,,,Northlake owned,,,,,,,Not entered,
Point,ch_cedar_row_b_unit_407_kwh_60m,Cedar Row Apartments,Cedar Row B,Cedar Row B Unit 407 Electric,Submeter kWh 60m,kWh,60,Electric,Analog,60,,Enter,,,,,,,,,,,Not entered,
Meter,cedar_row_b_unit_408_electric,Cedar Row Apartments,Cedar Row B,Cedar Row B Unit 408 Electric,,,,Electric,,,,Enter,SYN-SUB-E-B408,,,Northlake owned,,,,,,,Not entered,
Point,ch_cedar_row_b_unit_408_kwh_60m,Cedar Row Apartments,Cedar Row B,Cedar Row B Unit 408 Electric,Submeter kWh 60m,kWh,60,Electric,Analog,60,,Enter,,,,,,,,,,,Not entered,
Meter,cedar_row_b_unit_409_electric,Cedar Row Apartments,Cedar Row B,Cedar Row B Unit 409 Electric,,,,Electric,,,,Enter,SYN-SUB-E-B409,,,Northlake owned,,,,,,,Not entered,
Point,ch_cedar_row_b_unit_409_kwh_60m,Cedar Row Apartments,Cedar Row B,Cedar Row B Unit 409 Electric,Submeter kWh 60m,kWh,60,Electric,Analog,60,,Enter,,,,,,,,,,,Not entered,
Meter,cedar_row_b_unit_410_electric,Cedar Row Apartments,Cedar Row B,Cedar Row B Unit 410 Electric,,,,Electric,,,,Enter,SYN-SUB-E-B410,,,Northlake owned,,,,,,,Not entered,
Point,ch_cedar_row_b_unit_410_kwh_60m,Cedar Row Apartments,Cedar Row B,Cedar Row B Unit 410 Electric,Submeter kWh 60m,kWh,60,Electric,Analog,60,,Enter,,,,,,,,,,,Not entered,
Meter,cedar_row_b_unit_411_electric,Cedar Row Apartments,Cedar Row B,Cedar Row B Unit 411 Electric,,,,Electric,,,,Enter,SYN-SUB-E-B411,,,Northlake owned,,,,,,,Not entered,
Point,ch_cedar_row_b_unit_411_kwh_60m,Cedar Row Apartments,Cedar Row B,Cedar Row B Unit 411 Electric,Submeter kWh 60m,kWh,60,Electric,Analog,60,,Enter,,,,,,,,,,,Not entered,
Meter,cedar_row_b_unit_412_electric,Cedar Row Apartments,Cedar Row B,Cedar Row B Unit 412 Electric,,,,Electric,,,,Enter,SYN-SUB-E-B412,,,Northlake owned,,,,,,,Not entered,
Point,ch_cedar_row_b_unit_412_kwh_60m,Cedar Row Apartments,Cedar Row B,Cedar Row B Unit 412 Electric,Submeter kWh 60m,kWh,60,Electric,Analog,60,,Enter,,,,,,,,,,,Not entered,
Meter,cedar_row_b_unit_413_electric,Cedar Row Apartments,Cedar Row B,Cedar Row B Unit 413 Electric,,,,Electric,,,,Enter,SYN-SUB-E-B413,,,Northlake owned,,,,,,,Not entered,
Point,ch_cedar_row_b_unit_413_kwh_60m,Cedar Row Apartments,Cedar Row B,Cedar Row B Unit 413 Electric,Submeter kWh 60m,kWh,60,Electric,Analog,60,,Enter,,,,,,,,,,,Not entered,
Meter,cedar_row_b_unit_414_electric,Cedar Row Apartments,Cedar Row B,Cedar Row B Unit 414 Electric,,,,Electric,,,,Enter,SYN-SUB-E-B414,,,Northlake owned,,,,,,,Not entered,
Point,ch_cedar_row_b_unit_414_kwh_60m,Cedar Row Apartments,Cedar Row B,Cedar Row B Unit 414 Electric,Submeter kWh 60m,kWh,60,Electric,Analog,60,,Enter,,,,,,,,,,,Not entered,
Meter,cedar_row_b_unit_415_electric,Cedar Row Apartments,Cedar Row B,Cedar Row B Unit 415 Electric,,,,Electric,,,,Enter,SYN-SUB-E-B415,,,Northlake owned,,,,,,,Not entered,
Point,ch_cedar_row_b_unit_415_kwh_60m,Cedar Row Apartments,Cedar Row B,Cedar Row B Unit 415 Electric,Submeter kWh 60m,kWh,60,Electric,Analog,60,,Enter,,,,,,,,,,,Not entered,
Meter,cedar_row_b_unit_416_electric,Cedar Row Apartments,Cedar Row B,Cedar Row B Unit 416 Electric,,,,Electric,,,,Enter,SYN-SUB-E-B416,,,Northlake owned,,,,,,,Not entered,
Point,ch_cedar_row_b_unit_416_kwh_60m,Cedar Row Apartments,Cedar Row B,Cedar Row B Unit 416 Electric,Submeter kWh 60m,kWh,60,Electric,Analog,60,,Enter,,,,,,,,,,,Not entered,
Meter,cedar_row_b_house_electric,Cedar Row Apartments,Cedar Row B,Cedar Row B Electric House,,,,Electric,,,,Enter,SYN-SUB-E-BH,,,Northlake owned,,,,,,,Not entered,
Point,ch_cedar_row_b_house_kwh_60m,Cedar Row Apartments,Cedar Row B,Cedar Row B Electric House,Submeter kWh 60m,kWh,60,Electric,Analog,60,,Enter,,,,,,,,,,,Not entered,
Meter,cedar_row_b_unit_101_water,Cedar Row Apartments,Cedar Row B,Cedar Row B Unit 101 Water,,,,Water,,,,Enter,SYN-SUB-W-B101,,,Northlake owned,,,,,,,Not entered,
Point,ch_cedar_row_b_unit_101_water_register,Cedar Row Apartments,Cedar Row B,Cedar Row B Unit 101 Water,Register Reading,Reading,43200,Water,Accumulator,,,"Enter, then capture the generated usage and rate-of-change points",,,,,,,,,,,Not entered,
Point,ch_cedar_row_b_unit_101_water_kgal_route,Cedar Row Apartments,Cedar Row B,Cedar Row B Unit 101 Water,Route Usage kgal,kgal,43200,Water,AccumulatorDelta,,,Generated by EEM with its register point,,,,,,,,,,,Not entered,
Meter,cedar_row_b_unit_102_water,Cedar Row Apartments,Cedar Row B,Cedar Row B Unit 102 Water,,,,Water,,,,Enter,SYN-SUB-W-B102,,,Northlake owned,,,,,,,Not entered,
Point,ch_cedar_row_b_unit_102_water_register,Cedar Row Apartments,Cedar Row B,Cedar Row B Unit 102 Water,Register Reading,Reading,43200,Water,Accumulator,,,"Enter, then capture the generated usage and rate-of-change points",,,,,,,,,,,Not entered,
Point,ch_cedar_row_b_unit_102_water_kgal_route,Cedar Row Apartments,Cedar Row B,Cedar Row B Unit 102 Water,Route Usage kgal,kgal,43200,Water,AccumulatorDelta,,,Generated by EEM with its register point,,,,,,,,,,,Not entered,
Meter,cedar_row_b_unit_103_water,Cedar Row Apartments,Cedar Row B,Cedar Row B Unit 103 Water,,,,Water,,,,Enter,SYN-SUB-W-B103,,,Northlake owned,,,,,,,Not entered,
Point,ch_cedar_row_b_unit_103_water_register,Cedar Row Apartments,Cedar Row B,Cedar Row B Unit 103 Water,Register Reading,Reading,43200,Water,Accumulator,,,"Enter, then capture the generated usage and rate-of-change points",,,,,,,,,,,Not entered,
Point,ch_cedar_row_b_unit_103_water_kgal_route,Cedar Row Apartments,Cedar Row B,Cedar Row B Unit 103 Water,Route Usage kgal,kgal,43200,Water,AccumulatorDelta,,,Generated by EEM with its register point,,,,,,,,,,,Not entered,
Meter,cedar_row_b_unit_104_water,Cedar Row Apartments,Cedar Row B,Cedar Row B Unit 104 Water,,,,Water,,,,Enter,SYN-SUB-W-B104,,,Northlake owned,,,,,,,Not entered,
Point,ch_cedar_row_b_unit_104_water_register,Cedar Row Apartments,Cedar Row B,Cedar Row B Unit 104 Water,Register Reading,Reading,43200,Water,Accumulator,,,"Enter, then capture the generated usage and rate-of-change points",,,,,,,,,,,Not entered,
Point,ch_cedar_row_b_unit_104_water_kgal_route,Cedar Row Apartments,Cedar Row B,Cedar Row B Unit 104 Water,Route Usage kgal,kgal,43200,Water,AccumulatorDelta,,,Generated by EEM with its register point,,,,,,,,,,,Not entered,
Meter,cedar_row_b_unit_105_water,Cedar Row Apartments,Cedar Row B,Cedar Row B Unit 105 Water,,,,Water,,,,Enter,SYN-SUB-W-B105,,,Northlake owned,,,,,,,Not entered,
Point,ch_cedar_row_b_unit_105_water_register,Cedar Row Apartments,Cedar Row B,Cedar Row B Unit 105 Water,Register Reading,Reading,43200,Water,Accumulator,,,"Enter, then capture the generated usage and rate-of-change points",,,,,,,,,,,Not entered,
Point,ch_cedar_row_b_unit_105_water_kgal_route,Cedar Row Apartments,Cedar Row B,Cedar Row B Unit 105 Water,Route Usage kgal,kgal,43200,Water,AccumulatorDelta,,,Generated by EEM with its register point,,,,,,,,,,,Not entered,
Meter,cedar_row_b_unit_106_water,Cedar Row Apartments,Cedar Row B,Cedar Row B Unit 106 Water,,,,Water,,,,Enter,SYN-SUB-W-B106,,,Northlake owned,,,,,,,Not entered,
Point,ch_cedar_row_b_unit_106_water_register,Cedar Row Apartments,Cedar Row B,Cedar Row B Unit 106 Water,Register Reading,Reading,43200,Water,Accumulator,,,"Enter, then capture the generated usage and rate-of-change points",,,,,,,,,,,Not entered,
Point,ch_cedar_row_b_unit_106_water_kgal_route,Cedar Row Apartments,Cedar Row B,Cedar Row B Unit 106 Water,Route Usage kgal,kgal,43200,Water,AccumulatorDelta,,,Generated by EEM with its register point,,,,,,,,,,,Not entered,
Meter,cedar_row_b_unit_107_water,Cedar Row Apartments,Cedar Row B,Cedar Row B Unit 107 Water,,,,Water,,,,Enter,SYN-SUB-W-B107,,,Northlake owned,,,,,,,Not entered,
Point,ch_cedar_row_b_unit_107_water_register,Cedar Row Apartments,Cedar Row B,Cedar Row B Unit 107 Water,Register Reading,Reading,43200,Water,Accumulator,,,"Enter, then capture the generated usage and rate-of-change points",,,,,,,,,,,Not entered,
Point,ch_cedar_row_b_unit_107_water_kgal_route,Cedar Row Apartments,Cedar Row B,Cedar Row B Unit 107 Water,Route Usage kgal,kgal,43200,Water,AccumulatorDelta,,,Generated by EEM with its register point,,,,,,,,,,,Not entered,
Meter,cedar_row_b_unit_108_water,Cedar Row Apartments,Cedar Row B,Cedar Row B Unit 108 Water,,,,Water,,,,Enter,SYN-SUB-W-B108,,,Northlake owned,,,,,,,Not entered,
Point,ch_cedar_row_b_unit_108_water_register,Cedar Row Apartments,Cedar Row B,Cedar Row B Unit 108 Water,Register Reading,Reading,43200,Water,Accumulator,,,"Enter, then capture the generated usage and rate-of-change points",,,,,,,,,,,Not entered,
Point,ch_cedar_row_b_unit_108_water_kgal_route,Cedar Row Apartments,Cedar Row B,Cedar Row B Unit 108 Water,Route Usage kgal,kgal,43200,Water,AccumulatorDelta,,,Generated by EEM with its register point,,,,,,,,,,,Not entered,
Meter,cedar_row_b_unit_109_water,Cedar Row Apartments,Cedar Row B,Cedar Row B Unit 109 Water,,,,Water,,,,Enter,SYN-SUB-W-B109,,,Northlake owned,,,,,,,Not entered,
Point,ch_cedar_row_b_unit_109_water_register,Cedar Row Apartments,Cedar Row B,Cedar Row B Unit 109 Water,Register Reading,Reading,43200,Water,Accumulator,,,"Enter, then capture the generated usage and rate-of-change points",,,,,,,,,,,Not entered,
Point,ch_cedar_row_b_unit_109_water_kgal_route,Cedar Row Apartments,Cedar Row B,Cedar Row B Unit 109 Water,Route Usage kgal,kgal,43200,Water,AccumulatorDelta,,,Generated by EEM with its register point,,,,,,,,,,,Not entered,
Meter,cedar_row_b_unit_110_water,Cedar Row Apartments,Cedar Row B,Cedar Row B Unit 110 Water,,,,Water,,,,Enter,SYN-SUB-W-B110,,,Northlake owned,,,,,,,Not entered,
Point,ch_cedar_row_b_unit_110_water_register,Cedar Row Apartments,Cedar Row B,Cedar Row B Unit 110 Water,Register Reading,Reading,43200,Water,Accumulator,,,"Enter, then capture the generated usage and rate-of-change points",,,,,,,,,,,Not entered,
Point,ch_cedar_row_b_unit_110_water_kgal_route,Cedar Row Apartments,Cedar Row B,Cedar Row B Unit 110 Water,Route Usage kgal,kgal,43200,Water,AccumulatorDelta,,,Generated by EEM with its register point,,,,,,,,,,,Not entered,
Meter,cedar_row_b_unit_111_water,Cedar Row Apartments,Cedar Row B,Cedar Row B Unit 111 Water,,,,Water,,,,Enter,SYN-SUB-W-B111,,,Northlake owned,,,,,,,Not entered,
Point,ch_cedar_row_b_unit_111_water_register,Cedar Row Apartments,Cedar Row B,Cedar Row B Unit 111 Water,Register Reading,Reading,43200,Water,Accumulator,,,"Enter, then capture the generated usage and rate-of-change points",,,,,,,,,,,Not entered,
Point,ch_cedar_row_b_unit_111_water_kgal_route,Cedar Row Apartments,Cedar Row B,Cedar Row B Unit 111 Water,Route Usage kgal,kgal,43200,Water,AccumulatorDelta,,,Generated by EEM with its register point,,,,,,,,,,,Not entered,
Meter,cedar_row_b_unit_112_water,Cedar Row Apartments,Cedar Row B,Cedar Row B Unit 112 Water,,,,Water,,,,Enter,SYN-SUB-W-B112,,,Northlake owned,,,,,,,Not entered,
Point,ch_cedar_row_b_unit_112_water_register,Cedar Row Apartments,Cedar Row B,Cedar Row B Unit 112 Water,Register Reading,Reading,43200,Water,Accumulator,,,"Enter, then capture the generated usage and rate-of-change points",,,,,,,,,,,Not entered,
Point,ch_cedar_row_b_unit_112_water_kgal_route,Cedar Row Apartments,Cedar Row B,Cedar Row B Unit 112 Water,Route Usage kgal,kgal,43200,Water,AccumulatorDelta,,,Generated by EEM with its register point,,,,,,,,,,,Not entered,
Meter,cedar_row_b_unit_113_water,Cedar Row Apartments,Cedar Row B,Cedar Row B Unit 113 Water,,,,Water,,,,Enter,SYN-SUB-W-B113,,,Northlake owned,,,,,,,Not entered,
Point,ch_cedar_row_b_unit_113_water_register,Cedar Row Apartments,Cedar Row B,Cedar Row B Unit 113 Water,Register Reading,Reading,43200,Water,Accumulator,,,"Enter, then capture the generated usage and rate-of-change points",,,,,,,,,,,Not entered,
Point,ch_cedar_row_b_unit_113_water_kgal_route,Cedar Row Apartments,Cedar Row B,Cedar Row B Unit 113 Water,Route Usage kgal,kgal,43200,Water,AccumulatorDelta,,,Generated by EEM with its register point,,,,,,,,,,,Not entered,
Meter,cedar_row_b_unit_114_water,Cedar Row Apartments,Cedar Row B,Cedar Row B Unit 114 Water,,,,Water,,,,Enter,SYN-SUB-W-B114,,,Northlake owned,,,,,,,Not entered,
Point,ch_cedar_row_b_unit_114_water_register,Cedar Row Apartments,Cedar Row B,Cedar Row B Unit 114 Water,Register Reading,Reading,43200,Water,Accumulator,,,"Enter, then capture the generated usage and rate-of-change points",,,,,,,,,,,Not entered,
Point,ch_cedar_row_b_unit_114_water_kgal_route,Cedar Row Apartments,Cedar Row B,Cedar Row B Unit 114 Water,Route Usage kgal,kgal,43200,Water,AccumulatorDelta,,,Generated by EEM with its register point,,,,,,,,,,,Not entered,
Meter,cedar_row_b_unit_115_water,Cedar Row Apartments,Cedar Row B,Cedar Row B Unit 115 Water,,,,Water,,,,Enter,SYN-SUB-W-B115,,,Northlake owned,,,,,,,Not entered,
Point,ch_cedar_row_b_unit_115_water_register,Cedar Row Apartments,Cedar Row B,Cedar Row B Unit 115 Water,Register Reading,Reading,43200,Water,Accumulator,,,"Enter, then capture the generated usage and rate-of-change points",,,,,,,,,,,Not entered,
Point,ch_cedar_row_b_unit_115_water_kgal_route,Cedar Row Apartments,Cedar Row B,Cedar Row B Unit 115 Water,Route Usage kgal,kgal,43200,Water,AccumulatorDelta,,,Generated by EEM with its register point,,,,,,,,,,,Not entered,
Meter,cedar_row_b_unit_116_water,Cedar Row Apartments,Cedar Row B,Cedar Row B Unit 116 Water,,,,Water,,,,Enter,SYN-SUB-W-B116,,,Northlake owned,,,,,,,Not entered,
Point,ch_cedar_row_b_unit_116_water_register,Cedar Row Apartments,Cedar Row B,Cedar Row B Unit 116 Water,Register Reading,Reading,43200,Water,Accumulator,,,"Enter, then capture the generated usage and rate-of-change points",,,,,,,,,,,Not entered,
Point,ch_cedar_row_b_unit_116_water_kgal_route,Cedar Row Apartments,Cedar Row B,Cedar Row B Unit 116 Water,Route Usage kgal,kgal,43200,Water,AccumulatorDelta,,,Generated by EEM with its register point,,,,,,,,,,,Not entered,
Meter,cedar_row_b_unit_201_water,Cedar Row Apartments,Cedar Row B,Cedar Row B Unit 201 Water,,,,Water,,,,Enter,SYN-SUB-W-B201,,,Northlake owned,,,,,,,Not entered,
Point,ch_cedar_row_b_unit_201_water_register,Cedar Row Apartments,Cedar Row B,Cedar Row B Unit 201 Water,Register Reading,Reading,43200,Water,Accumulator,,,"Enter, then capture the generated usage and rate-of-change points",,,,,,,,,,,Not entered,
Point,ch_cedar_row_b_unit_201_water_kgal_route,Cedar Row Apartments,Cedar Row B,Cedar Row B Unit 201 Water,Route Usage kgal,kgal,43200,Water,AccumulatorDelta,,,Generated by EEM with its register point,,,,,,,,,,,Not entered,
Meter,cedar_row_b_unit_202_water,Cedar Row Apartments,Cedar Row B,Cedar Row B Unit 202 Water,,,,Water,,,,Enter,SYN-SUB-W-B202,,,Northlake owned,,,,,,,Not entered,
Point,ch_cedar_row_b_unit_202_water_register,Cedar Row Apartments,Cedar Row B,Cedar Row B Unit 202 Water,Register Reading,Reading,43200,Water,Accumulator,,,"Enter, then capture the generated usage and rate-of-change points",,,,,,,,,,,Not entered,
Point,ch_cedar_row_b_unit_202_water_kgal_route,Cedar Row Apartments,Cedar Row B,Cedar Row B Unit 202 Water,Route Usage kgal,kgal,43200,Water,AccumulatorDelta,,,Generated by EEM with its register point,,,,,,,,,,,Not entered,
Meter,cedar_row_b_unit_203_water,Cedar Row Apartments,Cedar Row B,Cedar Row B Unit 203 Water,,,,Water,,,,Enter,SYN-SUB-W-B203,,,Northlake owned,,,,,,,Not entered,
Point,ch_cedar_row_b_unit_203_water_register,Cedar Row Apartments,Cedar Row B,Cedar Row B Unit 203 Water,Register Reading,Reading,43200,Water,Accumulator,,,"Enter, then capture the generated usage and rate-of-change points",,,,,,,,,,,Not entered,
Point,ch_cedar_row_b_unit_203_water_kgal_route,Cedar Row Apartments,Cedar Row B,Cedar Row B Unit 203 Water,Route Usage kgal,kgal,43200,Water,AccumulatorDelta,,,Generated by EEM with its register point,,,,,,,,,,,Not entered,
Meter,cedar_row_b_unit_204_water,Cedar Row Apartments,Cedar Row B,Cedar Row B Unit 204 Water,,,,Water,,,,Enter,SYN-SUB-W-B204,,,Northlake owned,,,,,,,Not entered,
Point,ch_cedar_row_b_unit_204_water_register,Cedar Row Apartments,Cedar Row B,Cedar Row B Unit 204 Water,Register Reading,Reading,43200,Water,Accumulator,,,"Enter, then capture the generated usage and rate-of-change points",,,,,,,,,,,Not entered,
Point,ch_cedar_row_b_unit_204_water_kgal_route,Cedar Row Apartments,Cedar Row B,Cedar Row B Unit 204 Water,Route Usage kgal,kgal,43200,Water,AccumulatorDelta,,,Generated by EEM with its register point,,,,,,,,,,,Not entered,
Meter,cedar_row_b_unit_205_water,Cedar Row Apartments,Cedar Row B,Cedar Row B Unit 205 Water,,,,Water,,,,Enter,SYN-SUB-W-B205,,,Northlake owned,,,,,,,Not entered,
Point,ch_cedar_row_b_unit_205_water_register,Cedar Row Apartments,Cedar Row B,Cedar Row B Unit 205 Water,Register Reading,Reading,43200,Water,Accumulator,,,"Enter, then capture the generated usage and rate-of-change points",,,,,,,,,,,Not entered,
Point,ch_cedar_row_b_unit_205_water_kgal_route,Cedar Row Apartments,Cedar Row B,Cedar Row B Unit 205 Water,Route Usage kgal,kgal,43200,Water,AccumulatorDelta,,,Generated by EEM with its register point,,,,,,,,,,,Not entered,
Meter,cedar_row_b_unit_206_water,Cedar Row Apartments,Cedar Row B,Cedar Row B Unit 206 Water,,,,Water,,,,Enter,SYN-SUB-W-B206,,,Northlake owned,,,,,,,Not entered,
Point,ch_cedar_row_b_unit_206_water_register,Cedar Row Apartments,Cedar Row B,Cedar Row B Unit 206 Water,Register Reading,Reading,43200,Water,Accumulator,,,"Enter, then capture the generated usage and rate-of-change points",,,,,,,,,,,Not entered,
Point,ch_cedar_row_b_unit_206_water_kgal_route,Cedar Row Apartments,Cedar Row B,Cedar Row B Unit 206 Water,Route Usage kgal,kgal,43200,Water,AccumulatorDelta,,,Generated by EEM with its register point,,,,,,,,,,,Not entered,
Meter,cedar_row_b_unit_207_water,Cedar Row Apartments,Cedar Row B,Cedar Row B Unit 207 Water,,,,Water,,,,Enter,SYN-SUB-W-B207,,,Northlake owned,,,,,,,Not entered,
Point,ch_cedar_row_b_unit_207_water_register,Cedar Row Apartments,Cedar Row B,Cedar Row B Unit 207 Water,Register Reading,Reading,43200,Water,Accumulator,,,"Enter, then capture the generated usage and rate-of-change points",,,,,,,,,,,Not entered,
Point,ch_cedar_row_b_unit_207_water_kgal_route,Cedar Row Apartments,Cedar Row B,Cedar Row B Unit 207 Water,Route Usage kgal,kgal,43200,Water,AccumulatorDelta,,,Generated by EEM with its register point,,,,,,,,,,,Not entered,
Meter,cedar_row_b_unit_208_water,Cedar Row Apartments,Cedar Row B,Cedar Row B Unit 208 Water,,,,Water,,,,Enter,SYN-SUB-W-B208,,,Northlake owned,,,,,,,Not entered,
Point,ch_cedar_row_b_unit_208_water_register,Cedar Row Apartments,Cedar Row B,Cedar Row B Unit 208 Water,Register Reading,Reading,43200,Water,Accumulator,,,"Enter, then capture the generated usage and rate-of-change points",,,,,,,,,,,Not entered,
Point,ch_cedar_row_b_unit_208_water_kgal_route,Cedar Row Apartments,Cedar Row B,Cedar Row B Unit 208 Water,Route Usage kgal,kgal,43200,Water,AccumulatorDelta,,,Generated by EEM with its register point,,,,,,,,,,,Not entered,
Meter,cedar_row_b_unit_209_water,Cedar Row Apartments,Cedar Row B,Cedar Row B Unit 209 Water,,,,Water,,,,Enter,SYN-SUB-W-B209,,,Northlake owned,,,,,,,Not entered,
Point,ch_cedar_row_b_unit_209_water_register,Cedar Row Apartments,Cedar Row B,Cedar Row B Unit 209 Water,Register Reading,Reading,43200,Water,Accumulator,,,"Enter, then capture the generated usage and rate-of-change points",,,,,,,,,,,Not entered,
Point,ch_cedar_row_b_unit_209_water_kgal_route,Cedar Row Apartments,Cedar Row B,Cedar Row B Unit 209 Water,Route Usage kgal,kgal,43200,Water,AccumulatorDelta,,,Generated by EEM with its register point,,,,,,,,,,,Not entered,
Meter,cedar_row_b_unit_210_water,Cedar Row Apartments,Cedar Row B,Cedar Row B Unit 210 Water,,,,Water,,,,Enter,SYN-SUB-W-B210,,,Northlake owned,,,,,,,Not entered,
Point,ch_cedar_row_b_unit_210_water_register,Cedar Row Apartments,Cedar Row B,Cedar Row B Unit 210 Water,Register Reading,Reading,43200,Water,Accumulator,,,"Enter, then capture the generated usage and rate-of-change points",,,,,,,,,,,Not entered,
Point,ch_cedar_row_b_unit_210_water_kgal_route,Cedar Row Apartments,Cedar Row B,Cedar Row B Unit 210 Water,Route Usage kgal,kgal,43200,Water,AccumulatorDelta,,,Generated by EEM with its register point,,,,,,,,,,,Not entered,
Meter,cedar_row_b_unit_211_water,Cedar Row Apartments,Cedar Row B,Cedar Row B Unit 211 Water,,,,Water,,,,Enter,SYN-SUB-W-B211,,,Northlake owned,,,,,,,Not entered,
Point,ch_cedar_row_b_unit_211_water_register,Cedar Row Apartments,Cedar Row B,Cedar Row B Unit 211 Water,Register Reading,Reading,43200,Water,Accumulator,,,"Enter, then capture the generated usage and rate-of-change points",,,,,,,,,,,Not entered,
Point,ch_cedar_row_b_unit_211_water_kgal_route,Cedar Row Apartments,Cedar Row B,Cedar Row B Unit 211 Water,Route Usage kgal,kgal,43200,Water,AccumulatorDelta,,,Generated by EEM with its register point,,,,,,,,,,,Not entered,
Meter,cedar_row_b_unit_212_water,Cedar Row Apartments,Cedar Row B,Cedar Row B Unit 212 Water,,,,Water,,,,Enter,SYN-SUB-W-B212,,,Northlake owned,,,,,,,Not entered,
Point,ch_cedar_row_b_unit_212_water_register,Cedar Row Apartments,Cedar Row B,Cedar Row B Unit 212 Water,Register Reading,Reading,43200,Water,Accumulator,,,"Enter, then capture the generated usage and rate-of-change points",,,,,,,,,,,Not entered,
Point,ch_cedar_row_b_unit_212_water_kgal_route,Cedar Row Apartments,Cedar Row B,Cedar Row B Unit 212 Water,Route Usage kgal,kgal,43200,Water,AccumulatorDelta,,,Generated by EEM with its register point,,,,,,,,,,,Not entered,
Meter,cedar_row_b_unit_213_water,Cedar Row Apartments,Cedar Row B,Cedar Row B Unit 213 Water,,,,Water,,,,Enter,SYN-SUB-W-B213,,,Northlake owned,,,,,,,Not entered,
Point,ch_cedar_row_b_unit_213_water_register,Cedar Row Apartments,Cedar Row B,Cedar Row B Unit 213 Water,Register Reading,Reading,43200,Water,Accumulator,,,"Enter, then capture the generated usage and rate-of-change points",,,,,,,,,,,Not entered,
Point,ch_cedar_row_b_unit_213_water_kgal_route,Cedar Row Apartments,Cedar Row B,Cedar Row B Unit 213 Water,Route Usage kgal,kgal,43200,Water,AccumulatorDelta,,,Generated by EEM with its register point,,,,,,,,,,,Not entered,
Meter,cedar_row_b_unit_214_water,Cedar Row Apartments,Cedar Row B,Cedar Row B Unit 214 Water,,,,Water,,,,Enter,SYN-SUB-W-B214,,,Northlake owned,,,,,,,Not entered,
Point,ch_cedar_row_b_unit_214_water_register,Cedar Row Apartments,Cedar Row B,Cedar Row B Unit 214 Water,Register Reading,Reading,43200,Water,Accumulator,,,"Enter, then capture the generated usage and rate-of-change points",,,,,,,,,,,Not entered,
Point,ch_cedar_row_b_unit_214_water_kgal_route,Cedar Row Apartments,Cedar Row B,Cedar Row B Unit 214 Water,Route Usage kgal,kgal,43200,Water,AccumulatorDelta,,,Generated by EEM with its register point,,,,,,,,,,,Not entered,
Meter,cedar_row_b_unit_215_water,Cedar Row Apartments,Cedar Row B,Cedar Row B Unit 215 Water,,,,Water,,,,Enter,SYN-SUB-W-B215,,,Northlake owned,,,,,,,Not entered,
Point,ch_cedar_row_b_unit_215_water_register,Cedar Row Apartments,Cedar Row B,Cedar Row B Unit 215 Water,Register Reading,Reading,43200,Water,Accumulator,,,"Enter, then capture the generated usage and rate-of-change points",,,,,,,,,,,Not entered,
Point,ch_cedar_row_b_unit_215_water_kgal_route,Cedar Row Apartments,Cedar Row B,Cedar Row B Unit 215 Water,Route Usage kgal,kgal,43200,Water,AccumulatorDelta,,,Generated by EEM with its register point,,,,,,,,,,,Not entered,
Meter,cedar_row_b_unit_216_water,Cedar Row Apartments,Cedar Row B,Cedar Row B Unit 216 Water,,,,Water,,,,Enter,SYN-SUB-W-B216,,,Northlake owned,,,,,,,Not entered,
Point,ch_cedar_row_b_unit_216_water_register,Cedar Row Apartments,Cedar Row B,Cedar Row B Unit 216 Water,Register Reading,Reading,43200,Water,Accumulator,,,"Enter, then capture the generated usage and rate-of-change points",,,,,,,,,,,Not entered,
Point,ch_cedar_row_b_unit_216_water_kgal_route,Cedar Row Apartments,Cedar Row B,Cedar Row B Unit 216 Water,Route Usage kgal,kgal,43200,Water,AccumulatorDelta,,,Generated by EEM with its register point,,,,,,,,,,,Not entered,
Meter,cedar_row_b_unit_301_water,Cedar Row Apartments,Cedar Row B,Cedar Row B Unit 301 Water,,,,Water,,,,Enter,SYN-SUB-W-B301,,,Northlake owned,,,,,,,Not entered,
Point,ch_cedar_row_b_unit_301_water_register,Cedar Row Apartments,Cedar Row B,Cedar Row B Unit 301 Water,Register Reading,Reading,43200,Water,Accumulator,,,"Enter, then capture the generated usage and rate-of-change points",,,,,,,,,,,Not entered,
Point,ch_cedar_row_b_unit_301_water_kgal_route,Cedar Row Apartments,Cedar Row B,Cedar Row B Unit 301 Water,Route Usage kgal,kgal,43200,Water,AccumulatorDelta,,,Generated by EEM with its register point,,,,,,,,,,,Not entered,
Meter,cedar_row_b_unit_302_water,Cedar Row Apartments,Cedar Row B,Cedar Row B Unit 302 Water,,,,Water,,,,Enter,SYN-SUB-W-B302,,,Northlake owned,,,,,,,Not entered,
Point,ch_cedar_row_b_unit_302_water_register,Cedar Row Apartments,Cedar Row B,Cedar Row B Unit 302 Water,Register Reading,Reading,43200,Water,Accumulator,,,"Enter, then capture the generated usage and rate-of-change points",,,,,,,,,,,Not entered,
Point,ch_cedar_row_b_unit_302_water_kgal_route,Cedar Row Apartments,Cedar Row B,Cedar Row B Unit 302 Water,Route Usage kgal,kgal,43200,Water,AccumulatorDelta,,,Generated by EEM with its register point,,,,,,,,,,,Not entered,
Meter,cedar_row_b_unit_303_water,Cedar Row Apartments,Cedar Row B,Cedar Row B Unit 303 Water,,,,Water,,,,Enter,SYN-SUB-W-B303,,,Northlake owned,,,,,,,Not entered,
Point,ch_cedar_row_b_unit_303_water_register,Cedar Row Apartments,Cedar Row B,Cedar Row B Unit 303 Water,Register Reading,Reading,43200,Water,Accumulator,,,"Enter, then capture the generated usage and rate-of-change points",,,,,,,,,,,Not entered,
Point,ch_cedar_row_b_unit_303_water_kgal_route,Cedar Row Apartments,Cedar Row B,Cedar Row B Unit 303 Water,Route Usage kgal,kgal,43200,Water,AccumulatorDelta,,,Generated by EEM with its register point,,,,,,,,,,,Not entered,
Meter,cedar_row_b_unit_304_water,Cedar Row Apartments,Cedar Row B,Cedar Row B Unit 304 Water,,,,Water,,,,Enter,SYN-SUB-W-B304,,,Northlake owned,,,,,,,Not entered,
Point,ch_cedar_row_b_unit_304_water_register,Cedar Row Apartments,Cedar Row B,Cedar Row B Unit 304 Water,Register Reading,Reading,43200,Water,Accumulator,,,"Enter, then capture the generated usage and rate-of-change points",,,,,,,,,,,Not entered,
Point,ch_cedar_row_b_unit_304_water_kgal_route,Cedar Row Apartments,Cedar Row B,Cedar Row B Unit 304 Water,Route Usage kgal,kgal,43200,Water,AccumulatorDelta,,,Generated by EEM with its register point,,,,,,,,,,,Not entered,
Meter,cedar_row_b_unit_305_water,Cedar Row Apartments,Cedar Row B,Cedar Row B Unit 305 Water,,,,Water,,,,Enter,SYN-SUB-W-B305,,,Northlake owned,,,,,,,Not entered,
Point,ch_cedar_row_b_unit_305_water_register,Cedar Row Apartments,Cedar Row B,Cedar Row B Unit 305 Water,Register Reading,Reading,43200,Water,Accumulator,,,"Enter, then capture the generated usage and rate-of-change points",,,,,,,,,,,Not entered,
Point,ch_cedar_row_b_unit_305_water_kgal_route,Cedar Row Apartments,Cedar Row B,Cedar Row B Unit 305 Water,Route Usage kgal,kgal,43200,Water,AccumulatorDelta,,,Generated by EEM with its register point,,,,,,,,,,,Not entered,
Meter,cedar_row_b_unit_306_water,Cedar Row Apartments,Cedar Row B,Cedar Row B Unit 306 Water,,,,Water,,,,Enter,SYN-SUB-W-B306,,,Northlake owned,,,,,,,Not entered,
Point,ch_cedar_row_b_unit_306_water_register,Cedar Row Apartments,Cedar Row B,Cedar Row B Unit 306 Water,Register Reading,Reading,43200,Water,Accumulator,,,"Enter, then capture the generated usage and rate-of-change points",,,,,,,,,,,Not entered,
Point,ch_cedar_row_b_unit_306_water_kgal_route,Cedar Row Apartments,Cedar Row B,Cedar Row B Unit 306 Water,Route Usage kgal,kgal,43200,Water,AccumulatorDelta,,,Generated by EEM with its register point,,,,,,,,,,,Not entered,
Meter,cedar_row_b_unit_307_water,Cedar Row Apartments,Cedar Row B,Cedar Row B Unit 307 Water,,,,Water,,,,Enter,SYN-SUB-W-B307,,,Northlake owned,,,,,,,Not entered,
Point,ch_cedar_row_b_unit_307_water_register,Cedar Row Apartments,Cedar Row B,Cedar Row B Unit 307 Water,Register Reading,Reading,43200,Water,Accumulator,,,"Enter, then capture the generated usage and rate-of-change points",,,,,,,,,,,Not entered,
Point,ch_cedar_row_b_unit_307_water_kgal_route,Cedar Row Apartments,Cedar Row B,Cedar Row B Unit 307 Water,Route Usage kgal,kgal,43200,Water,AccumulatorDelta,,,Generated by EEM with its register point,,,,,,,,,,,Not entered,
Meter,cedar_row_b_unit_308_water,Cedar Row Apartments,Cedar Row B,Cedar Row B Unit 308 Water,,,,Water,,,,Enter,SYN-SUB-W-B308,,,Northlake owned,,,,,,,Not entered,
Point,ch_cedar_row_b_unit_308_water_register,Cedar Row Apartments,Cedar Row B,Cedar Row B Unit 308 Water,Register Reading,Reading,43200,Water,Accumulator,,,"Enter, then capture the generated usage and rate-of-change points",,,,,,,,,,,Not entered,
Point,ch_cedar_row_b_unit_308_water_kgal_route,Cedar Row Apartments,Cedar Row B,Cedar Row B Unit 308 Water,Route Usage kgal,kgal,43200,Water,AccumulatorDelta,,,Generated by EEM with its register point,,,,,,,,,,,Not entered,
Meter,cedar_row_b_unit_309_water,Cedar Row Apartments,Cedar Row B,Cedar Row B Unit 309 Water,,,,Water,,,,Enter,SYN-SUB-W-B309,,,Northlake owned,,,,,,,Not entered,
Point,ch_cedar_row_b_unit_309_water_register,Cedar Row Apartments,Cedar Row B,Cedar Row B Unit 309 Water,Register Reading,Reading,43200,Water,Accumulator,,,"Enter, then capture the generated usage and rate-of-change points",,,,,,,,,,,Not entered,
Point,ch_cedar_row_b_unit_309_water_kgal_route,Cedar Row Apartments,Cedar Row B,Cedar Row B Unit 309 Water,Route Usage kgal,kgal,43200,Water,AccumulatorDelta,,,Generated by EEM with its register point,,,,,,,,,,,Not entered,
Meter,cedar_row_b_unit_310_water,Cedar Row Apartments,Cedar Row B,Cedar Row B Unit 310 Water,,,,Water,,,,Enter,SYN-SUB-W-B310,,,Northlake owned,,,,,,,Not entered,
Point,ch_cedar_row_b_unit_310_water_register,Cedar Row Apartments,Cedar Row B,Cedar Row B Unit 310 Water,Register Reading,Reading,43200,Water,Accumulator,,,"Enter, then capture the generated usage and rate-of-change points",,,,,,,,,,,Not entered,
Point,ch_cedar_row_b_unit_310_water_kgal_route,Cedar Row Apartments,Cedar Row B,Cedar Row B Unit 310 Water,Route Usage kgal,kgal,43200,Water,AccumulatorDelta,,,Generated by EEM with its register point,,,,,,,,,,,Not entered,
Meter,cedar_row_b_unit_311_water,Cedar Row Apartments,Cedar Row B,Cedar Row B Unit 311 Water,,,,Water,,,,Enter,SYN-SUB-W-B311,,,Northlake owned,,,,,,,Not entered,
Point,ch_cedar_row_b_unit_311_water_register,Cedar Row Apartments,Cedar Row B,Cedar Row B Unit 311 Water,Register Reading,Reading,43200,Water,Accumulator,,,"Enter, then capture the generated usage and rate-of-change points",,,,,,,,,,,Not entered,
Point,ch_cedar_row_b_unit_311_water_kgal_route,Cedar Row Apartments,Cedar Row B,Cedar Row B Unit 311 Water,Route Usage kgal,kgal,43200,Water,AccumulatorDelta,,,Generated by EEM with its register point,,,,,,,,,,,Not entered,
Meter,cedar_row_b_unit_312_water,Cedar Row Apartments,Cedar Row B,Cedar Row B Unit 312 Water,,,,Water,,,,Enter,SYN-SUB-W-B312,,,Northlake owned,,,,,,,Not entered,
Point,ch_cedar_row_b_unit_312_water_register,Cedar Row Apartments,Cedar Row B,Cedar Row B Unit 312 Water,Register Reading,Reading,43200,Water,Accumulator,,,"Enter, then capture the generated usage and rate-of-change points",,,,,,,,,,,Not entered,
Point,ch_cedar_row_b_unit_312_water_kgal_route,Cedar Row Apartments,Cedar Row B,Cedar Row B Unit 312 Water,Route Usage kgal,kgal,43200,Water,AccumulatorDelta,,,Generated by EEM with its register point,,,,,,,,,,,Not entered,
Meter,cedar_row_b_unit_313_water,Cedar Row Apartments,Cedar Row B,Cedar Row B Unit 313 Water,,,,Water,,,,Enter,SYN-SUB-W-B313,,,Northlake owned,,,,,,,Not entered,
Point,ch_cedar_row_b_unit_313_water_register,Cedar Row Apartments,Cedar Row B,Cedar Row B Unit 313 Water,Register Reading,Reading,43200,Water,Accumulator,,,"Enter, then capture the generated usage and rate-of-change points",,,,,,,,,,,Not entered,
Point,ch_cedar_row_b_unit_313_water_kgal_route,Cedar Row Apartments,Cedar Row B,Cedar Row B Unit 313 Water,Route Usage kgal,kgal,43200,Water,AccumulatorDelta,,,Generated by EEM with its register point,,,,,,,,,,,Not entered,
Meter,cedar_row_b_unit_314_water,Cedar Row Apartments,Cedar Row B,Cedar Row B Unit 314 Water,,,,Water,,,,Enter,SYN-SUB-W-B314,,,Northlake owned,,,,,,,Not entered,
Point,ch_cedar_row_b_unit_314_water_register,Cedar Row Apartments,Cedar Row B,Cedar Row B Unit 314 Water,Register Reading,Reading,43200,Water,Accumulator,,,"Enter, then capture the generated usage and rate-of-change points",,,,,,,,,,,Not entered,
Point,ch_cedar_row_b_unit_314_water_kgal_route,Cedar Row Apartments,Cedar Row B,Cedar Row B Unit 314 Water,Route Usage kgal,kgal,43200,Water,AccumulatorDelta,,,Generated by EEM with its register point,,,,,,,,,,,Not entered,
Meter,cedar_row_b_unit_315_water,Cedar Row Apartments,Cedar Row B,Cedar Row B Unit 315 Water,,,,Water,,,,Enter,SYN-SUB-W-B315,,,Northlake owned,,,,,,,Not entered,
Point,ch_cedar_row_b_unit_315_water_register,Cedar Row Apartments,Cedar Row B,Cedar Row B Unit 315 Water,Register Reading,Reading,43200,Water,Accumulator,,,"Enter, then capture the generated usage and rate-of-change points",,,,,,,,,,,Not entered,
Point,ch_cedar_row_b_unit_315_water_kgal_route,Cedar Row Apartments,Cedar Row B,Cedar Row B Unit 315 Water,Route Usage kgal,kgal,43200,Water,AccumulatorDelta,,,Generated by EEM with its register point,,,,,,,,,,,Not entered,
Meter,cedar_row_b_unit_316_water,Cedar Row Apartments,Cedar Row B,Cedar Row B Unit 316 Water,,,,Water,,,,Enter,SYN-SUB-W-B316,,,Northlake owned,,,,,,,Not entered,
Point,ch_cedar_row_b_unit_316_water_register,Cedar Row Apartments,Cedar Row B,Cedar Row B Unit 316 Water,Register Reading,Reading,43200,Water,Accumulator,,,"Enter, then capture the generated usage and rate-of-change points",,,,,,,,,,,Not entered,
Point,ch_cedar_row_b_unit_316_water_kgal_route,Cedar Row Apartments,Cedar Row B,Cedar Row B Unit 316 Water,Route Usage kgal,kgal,43200,Water,AccumulatorDelta,,,Generated by EEM with its register point,,,,,,,,,,,Not entered,
Meter,cedar_row_b_unit_401_water,Cedar Row Apartments,Cedar Row B,Cedar Row B Unit 401 Water,,,,Water,,,,Enter,SYN-SUB-W-B401,,,Northlake owned,,,,,,,Not entered,
Point,ch_cedar_row_b_unit_401_water_register,Cedar Row Apartments,Cedar Row B,Cedar Row B Unit 401 Water,Register Reading,Reading,43200,Water,Accumulator,,,"Enter, then capture the generated usage and rate-of-change points",,,,,,,,,,,Not entered,
Point,ch_cedar_row_b_unit_401_water_kgal_route,Cedar Row Apartments,Cedar Row B,Cedar Row B Unit 401 Water,Route Usage kgal,kgal,43200,Water,AccumulatorDelta,,,Generated by EEM with its register point,,,,,,,,,,,Not entered,
Meter,cedar_row_b_unit_402_water,Cedar Row Apartments,Cedar Row B,Cedar Row B Unit 402 Water,,,,Water,,,,Enter,SYN-SUB-W-B402,,,Northlake owned,,,,,,,Not entered,
Point,ch_cedar_row_b_unit_402_water_register,Cedar Row Apartments,Cedar Row B,Cedar Row B Unit 402 Water,Register Reading,Reading,43200,Water,Accumulator,,,"Enter, then capture the generated usage and rate-of-change points",,,,,,,,,,,Not entered,
Point,ch_cedar_row_b_unit_402_water_kgal_route,Cedar Row Apartments,Cedar Row B,Cedar Row B Unit 402 Water,Route Usage kgal,kgal,43200,Water,AccumulatorDelta,,,Generated by EEM with its register point,,,,,,,,,,,Not entered,
Meter,cedar_row_b_unit_403_water,Cedar Row Apartments,Cedar Row B,Cedar Row B Unit 403 Water,,,,Water,,,,Enter,SYN-SUB-W-B403,,,Northlake owned,,,,,,,Not entered,
Point,ch_cedar_row_b_unit_403_water_register,Cedar Row Apartments,Cedar Row B,Cedar Row B Unit 403 Water,Register Reading,Reading,43200,Water,Accumulator,,,"Enter, then capture the generated usage and rate-of-change points",,,,,,,,,,,Not entered,
Point,ch_cedar_row_b_unit_403_water_kgal_route,Cedar Row Apartments,Cedar Row B,Cedar Row B Unit 403 Water,Route Usage kgal,kgal,43200,Water,AccumulatorDelta,,,Generated by EEM with its register point,,,,,,,,,,,Not entered,
Meter,cedar_row_b_unit_404_water,Cedar Row Apartments,Cedar Row B,Cedar Row B Unit 404 Water,,,,Water,,,,Enter,SYN-SUB-W-B404,,,Northlake owned,,,,,,,Not entered,
Point,ch_cedar_row_b_unit_404_water_register,Cedar Row Apartments,Cedar Row B,Cedar Row B Unit 404 Water,Register Reading,Reading,43200,Water,Accumulator,,,"Enter, then capture the generated usage and rate-of-change points",,,,,,,,,,,Not entered,
Point,ch_cedar_row_b_unit_404_water_kgal_route,Cedar Row Apartments,Cedar Row B,Cedar Row B Unit 404 Water,Route Usage kgal,kgal,43200,Water,AccumulatorDelta,,,Generated by EEM with its register point,,,,,,,,,,,Not entered,
Meter,cedar_row_b_unit_405_water,Cedar Row Apartments,Cedar Row B,Cedar Row B Unit 405 Water,,,,Water,,,,Enter,SYN-SUB-W-B405,,,Northlake owned,,,,,,,Not entered,
Point,ch_cedar_row_b_unit_405_water_register,Cedar Row Apartments,Cedar Row B,Cedar Row B Unit 405 Water,Register Reading,Reading,43200,Water,Accumulator,,,"Enter, then capture the generated usage and rate-of-change points",,,,,,,,,,,Not entered,
Point,ch_cedar_row_b_unit_405_water_kgal_route,Cedar Row Apartments,Cedar Row B,Cedar Row B Unit 405 Water,Route Usage kgal,kgal,43200,Water,AccumulatorDelta,,,Generated by EEM with its register point,,,,,,,,,,,Not entered,
Meter,cedar_row_b_unit_406_water,Cedar Row Apartments,Cedar Row B,Cedar Row B Unit 406 Water,,,,Water,,,,Enter,SYN-SUB-W-B406,,,Northlake owned,,,,,,,Not entered,
Point,ch_cedar_row_b_unit_406_water_register,Cedar Row Apartments,Cedar Row B,Cedar Row B Unit 406 Water,Register Reading,Reading,43200,Water,Accumulator,,,"Enter, then capture the generated usage and rate-of-change points",,,,,,,,,,,Not entered,
Point,ch_cedar_row_b_unit_406_water_kgal_route,Cedar Row Apartments,Cedar Row B,Cedar Row B Unit 406 Water,Route Usage kgal,kgal,43200,Water,AccumulatorDelta,,,Generated by EEM with its register point,,,,,,,,,,,Not entered,
Meter,cedar_row_b_unit_407_water,Cedar Row Apartments,Cedar Row B,Cedar Row B Unit 407 Water,,,,Water,,,,Enter,SYN-SUB-W-B407,,,Northlake owned,,,,,,,Not entered,
Point,ch_cedar_row_b_unit_407_water_register,Cedar Row Apartments,Cedar Row B,Cedar Row B Unit 407 Water,Register Reading,Reading,43200,Water,Accumulator,,,"Enter, then capture the generated usage and rate-of-change points",,,,,,,,,,,Not entered,
Point,ch_cedar_row_b_unit_407_water_kgal_route,Cedar Row Apartments,Cedar Row B,Cedar Row B Unit 407 Water,Route Usage kgal,kgal,43200,Water,AccumulatorDelta,,,Generated by EEM with its register point,,,,,,,,,,,Not entered,
Meter,cedar_row_b_unit_408_water,Cedar Row Apartments,Cedar Row B,Cedar Row B Unit 408 Water,,,,Water,,,,Enter,SYN-SUB-W-B408,,,Northlake owned,,,,,,,Not entered,
Point,ch_cedar_row_b_unit_408_water_register,Cedar Row Apartments,Cedar Row B,Cedar Row B Unit 408 Water,Register Reading,Reading,43200,Water,Accumulator,,,"Enter, then capture the generated usage and rate-of-change points",,,,,,,,,,,Not entered,
Point,ch_cedar_row_b_unit_408_water_kgal_route,Cedar Row Apartments,Cedar Row B,Cedar Row B Unit 408 Water,Route Usage kgal,kgal,43200,Water,AccumulatorDelta,,,Generated by EEM with its register point,,,,,,,,,,,Not entered,
Meter,cedar_row_b_unit_409_water,Cedar Row Apartments,Cedar Row B,Cedar Row B Unit 409 Water,,,,Water,,,,Enter,SYN-SUB-W-B409,,,Northlake owned,,,,,,,Not entered,
Point,ch_cedar_row_b_unit_409_water_register,Cedar Row Apartments,Cedar Row B,Cedar Row B Unit 409 Water,Register Reading,Reading,43200,Water,Accumulator,,,"Enter, then capture the generated usage and rate-of-change points",,,,,,,,,,,Not entered,
Point,ch_cedar_row_b_unit_409_water_kgal_route,Cedar Row Apartments,Cedar Row B,Cedar Row B Unit 409 Water,Route Usage kgal,kgal,43200,Water,AccumulatorDelta,,,Generated by EEM with its register point,,,,,,,,,,,Not entered,
Meter,cedar_row_b_unit_410_water,Cedar Row Apartments,Cedar Row B,Cedar Row B Unit 410 Water,,,,Water,,,,Enter,SYN-SUB-W-B410,,,Northlake owned,,,,,,,Not entered,
Point,ch_cedar_row_b_unit_410_water_register,Cedar Row Apartments,Cedar Row B,Cedar Row B Unit 410 Water,Register Reading,Reading,43200,Water,Accumulator,,,"Enter, then capture the generated usage and rate-of-change points",,,,,,,,,,,Not entered,
Point,ch_cedar_row_b_unit_410_water_kgal_route,Cedar Row Apartments,Cedar Row B,Cedar Row B Unit 410 Water,Route Usage kgal,kgal,43200,Water,AccumulatorDelta,,,Generated by EEM with its register point,,,,,,,,,,,Not entered,
Meter,cedar_row_b_unit_411_water,Cedar Row Apartments,Cedar Row B,Cedar Row B Unit 411 Water,,,,Water,,,,Enter,SYN-SUB-W-B411,,,Northlake owned,,,,,,,Not entered,
Point,ch_cedar_row_b_unit_411_water_register,Cedar Row Apartments,Cedar Row B,Cedar Row B Unit 411 Water,Register Reading,Reading,43200,Water,Accumulator,,,"Enter, then capture the generated usage and rate-of-change points",,,,,,,,,,,Not entered,
Point,ch_cedar_row_b_unit_411_water_kgal_route,Cedar Row Apartments,Cedar Row B,Cedar Row B Unit 411 Water,Route Usage kgal,kgal,43200,Water,AccumulatorDelta,,,Generated by EEM with its register point,,,,,,,,,,,Not entered,
Meter,cedar_row_b_unit_412_water,Cedar Row Apartments,Cedar Row B,Cedar Row B Unit 412 Water,,,,Water,,,,Enter,SYN-SUB-W-B412,,,Northlake owned,,,,,,,Not entered,
Point,ch_cedar_row_b_unit_412_water_register,Cedar Row Apartments,Cedar Row B,Cedar Row B Unit 412 Water,Register Reading,Reading,43200,Water,Accumulator,,,"Enter, then capture the generated usage and rate-of-change points",,,,,,,,,,,Not entered,
Point,ch_cedar_row_b_unit_412_water_kgal_route,Cedar Row Apartments,Cedar Row B,Cedar Row B Unit 412 Water,Route Usage kgal,kgal,43200,Water,AccumulatorDelta,,,Generated by EEM with its register point,,,,,,,,,,,Not entered,
Meter,cedar_row_b_unit_413_water,Cedar Row Apartments,Cedar Row B,Cedar Row B Unit 413 Water,,,,Water,,,,Enter,SYN-SUB-W-B413,,,Northlake owned,,,,,,,Not entered,
Point,ch_cedar_row_b_unit_413_water_register,Cedar Row Apartments,Cedar Row B,Cedar Row B Unit 413 Water,Register Reading,Reading,43200,Water,Accumulator,,,"Enter, then capture the generated usage and rate-of-change points",,,,,,,,,,,Not entered,
Point,ch_cedar_row_b_unit_413_water_kgal_route,Cedar Row Apartments,Cedar Row B,Cedar Row B Unit 413 Water,Route Usage kgal,kgal,43200,Water,AccumulatorDelta,,,Generated by EEM with its register point,,,,,,,,,,,Not entered,
Meter,cedar_row_b_unit_414_water,Cedar Row Apartments,Cedar Row B,Cedar Row B Unit 414 Water,,,,Water,,,,Enter,SYN-SUB-W-B414,,,Northlake owned,,,,,,,Not entered,
Point,ch_cedar_row_b_unit_414_water_register,Cedar Row Apartments,Cedar Row B,Cedar Row B Unit 414 Water,Register Reading,Reading,43200,Water,Accumulator,,,"Enter, then capture the generated usage and rate-of-change points",,,,,,,,,,,Not entered,
Point,ch_cedar_row_b_unit_414_water_kgal_route,Cedar Row Apartments,Cedar Row B,Cedar Row B Unit 414 Water,Route Usage kgal,kgal,43200,Water,AccumulatorDelta,,,Generated by EEM with its register point,,,,,,,,,,,Not entered,
Meter,cedar_row_b_unit_415_water,Cedar Row Apartments,Cedar Row B,Cedar Row B Unit 415 Water,,,,Water,,,,Enter,SYN-SUB-W-B415,,,Northlake owned,,,,,,,Not entered,
Point,ch_cedar_row_b_unit_415_water_register,Cedar Row Apartments,Cedar Row B,Cedar Row B Unit 415 Water,Register Reading,Reading,43200,Water,Accumulator,,,"Enter, then capture the generated usage and rate-of-change points",,,,,,,,,,,Not entered,
Point,ch_cedar_row_b_unit_415_water_kgal_route,Cedar Row Apartments,Cedar Row B,Cedar Row B Unit 415 Water,Route Usage kgal,kgal,43200,Water,AccumulatorDelta,,,Generated by EEM with its register point,,,,,,,,,,,Not entered,
Meter,cedar_row_b_unit_416_water,Cedar Row Apartments,Cedar Row B,Cedar Row B Unit 416 Water,,,,Water,,,,Enter,SYN-SUB-W-B416,,,Northlake owned,,,,,,,Not entered,
Point,ch_cedar_row_b_unit_416_water_register,Cedar Row Apartments,Cedar Row B,Cedar Row B Unit 416 Water,Register Reading,Reading,43200,Water,Accumulator,,,"Enter, then capture the generated usage and rate-of-change points",,,,,,,,,,,Not entered,
Point,ch_cedar_row_b_unit_416_water_kgal_route,Cedar Row Apartments,Cedar Row B,Cedar Row B Unit 416 Water,Route Usage kgal,kgal,43200,Water,AccumulatorDelta,,,Generated by EEM with its register point,,,,,,,,,,,Not entered,
Meter,cedar_row_b_house_water,Cedar Row Apartments,Cedar Row B,Cedar Row B Water House,,,,Water,,,,Enter,SYN-SUB-W-BH,,,Northlake owned,,,,,,,Not entered,
Point,ch_cedar_row_b_house_water_register,Cedar Row Apartments,Cedar Row B,Cedar Row B Water House,Register Reading,Reading,43200,Water,Accumulator,,,"Enter, then capture the generated usage and rate-of-change points",,,,,,,,,,,Not entered,
Point,ch_cedar_row_b_house_water_kgal_route,Cedar Row Apartments,Cedar Row B,Cedar Row B Water House,Route Usage kgal,kgal,43200,Water,AccumulatorDelta,,,Generated by EEM with its register point,,,,,,,,,,,Not entered,
Meter,cedar_row_common_house_pool_fill_water,Cedar Row Apartments,Cedar Row Common House,Common House Pool Fill Deduct,,,,Water,,,,Enter,SYN-DED-W-CH01,,,Northlake owned,,,,,,,Not entered,
Point,ch_cedar_row_common_house_pool_fill_register,Cedar Row Apartments,Cedar Row Common House,Common House Pool Fill Deduct,Register Reading,Reading,43200,Water,Accumulator,,,"Enter, then capture the generated usage and rate-of-change points",,,,,,,,,,,Not entered,
Point,ch_cedar_row_common_house_pool_fill_kgal_monthly,Cedar Row Apartments,Cedar Row Common House,Common House Pool Fill Deduct,Monthly Usage kgal,kgal,43200,Water,AccumulatorDelta,,,Generated by EEM with its register point,,,,,,,,,,,Not entered,
Meter,ntp_central_plant_chw_supply,Northlake Thermal Plant,Central Plant,Central Plant Chilled Water Supply,,,,Chilled Water,,,,Enter,SYN-NTP-P-0090001,,,Northlake owned,,,,,,,Not entered,
Point,ch_ntp_plant_chw_ton_hours_hourly,Northlake Thermal Plant,Central Plant,Central Plant Chilled Water Supply,Produced Ton-Hours 60m,Ton-Hours,60,Chilled Water,Analog,60,,Enter,,,,,,,,,,,Not entered,
Point,ch_ntp_plant_chw_tons_hourly,Northlake Thermal Plant,Central Plant,Central Plant Chilled Water Supply,Production Rate Tons 60m,Tons,60,Chilled Water,Analog,60,,Enter,,,,,,,,,,,Not entered,
Meter,ntp_central_plant_steam_production,Northlake Thermal Plant,Central Plant,Central Plant Steam Production,,,,Steam,,,,Enter,SYN-NTP-P-0090002,,10,Northlake owned,,,,,,,Not entered,
Point,ch_ntp_plant_steam_klb_hourly,Northlake Thermal Plant,Central Plant,Central Plant Steam Production,Produced klb 60m,klb,60,Steam,Analog,60,,Enter,,,,,,,,,,,Not entered,
Point,ch_ntp_plant_steam_lb_per_hour_hourly,Northlake Thermal Plant,Central Plant,Central Plant Steam Production,Production Rate lb/h 60m,lb/h,60,Steam,Analog,60,,Enter,,,,,,,,,,,Not entered,
Meter,ntp_central_plant_condensate_return,Northlake Thermal Plant,Central Plant,Central Plant Condensate Return,,,,Water,,,,Enter,SYN-NTP-P-0090003,,,Northlake owned,,,,,,,Not entered,
Point,ch_ntp_plant_condensate_kgal_hourly,Northlake Thermal Plant,Central Plant,Central Plant Condensate Return,Produced kgal 60m,kgal,60,Water,Analog,60,,Enter,,,,,,,,,,,Not entered,
Meter,ntp_central_plant_cooling_tower_deduct,Northlake Thermal Plant,Central Plant,Central Plant Cooling Tower Deduct,,,,Water,,,,Enter,SYN-DED-W-CP01,,,Northlake owned,,,,,,,Not entered,
Point,ch_ntp_plant_cooling_tower_deduct_register,Northlake Thermal Plant,Central Plant,Central Plant Cooling Tower Deduct,Register Reading,Reading,43200,Water,Accumulator,,,"Enter, then capture the generated usage and rate-of-change points",,,,,,,,,,,Not entered,
Point,ch_ntp_plant_cooling_tower_deduct_kgal_monthly,Northlake Thermal Plant,Central Plant,Central Plant Cooling Tower Deduct,Monthly Usage kgal,kgal,43200,Water,AccumulatorDelta,,,Generated by EEM with its register point,,,,,,,,,,,Not entered,
Meter,ntp_modbus_chiller_controller,Northlake Thermal Plant,Central Plant,Central Plant Chiller Controller,,,,Electric,,,,Enter,NTP-MODBUS-CHILLER-CONTROLLER,,,Northlake owned,,,,,,,Not entered,
Point,ch_modbus_ntp_chiller_kw_5m,Northlake Thermal Plant,Central Plant,Central Plant Chiller Controller,Chiller Demand kW 5m,kW,5,Electric,Analog,5,,Enter,,,,,,,,,,,Not entered,
Point,ch_modbus_ntp_chiller_enable_status,Northlake Thermal Plant,Central Plant,Central Plant Chiller Controller,Chiller Enable Status,State,5,Digital,Digital,5,,Enter,,,,,,,,,,,Not entered,
Meter,weather_ksac,Northlake University,Weather Reference,KSAC Sacramento Executive Airport,,,,Weather,,,,Enter,KSAC,,,Public weather station,,,,,,,Not entered,
Point,ch_weather_ksac_temp_f_hourly,Northlake University,Weather Reference,KSAC Sacramento Executive Airport,KSAC Outside Air Temperature,degF,60,Temperature,Analog,60,Temperature,Enter,,,,,,,,,,,Not entered,
Weather related point,weather_ksac.HDD_F_daily,Northlake University,Weather Reference,KSAC Sacramento Executive Airport,HDD_F_daily,Degree days (F),1440,,,1440,,Generated by EEM from the temperature index,,,,,,,,,,,Not entered,
Weather related point,weather_ksac.CDD_F_daily,Northlake University,Weather Reference,KSAC Sacramento Executive Airport,CDD_F_daily,Degree days (F),1440,,,1440,,Generated by EEM from the temperature index,,,,,,,,,,,Not entered,
Point,ch_weather_ksac_rh_hourly,Northlake University,Weather Reference,KSAC Sacramento Executive Airport,KSAC Relative Humidity,pct,60,Weather,Analog,60,,Enter,,,,,,,,,,,Not entered,
Point,ch_weather_ksac_wind_mph_hourly,Northlake University,Weather Reference,KSAC Sacramento Executive Airport,KSAC Wind Speed,mph,60,Weather,Analog,60,,Enter,,,,,,,,,,,Not entered,
Meter,weather_ksmf,Northlake University,Weather Reference,KSMF Sacramento International Airport,,,,Weather,,,,Enter,KSMF,,,Public weather station,,,,,,,Not entered,
Point,ch_weather_ksmf_temp_f_hourly,Northlake University,Weather Reference,KSMF Sacramento International Airport,KSMF Outside Air Temperature,degF,60,Temperature,Analog,60,Temperature,Enter,,,,,,,,,,,Not entered,
Weather related point,weather_ksmf.HDD_F_daily,Northlake University,Weather Reference,KSMF Sacramento International Airport,HDD_F_daily,Degree days (F),1440,,,1440,,Generated by EEM from the temperature index,,,,,,,,,,,Not entered,
Weather related point,weather_ksmf.CDD_F_daily,Northlake University,Weather Reference,KSMF Sacramento International Airport,CDD_F_daily,Degree days (F),1440,,,1440,,Generated by EEM from the temperature index,,,,,,,,,,,Not entered,
Point,ch_weather_ksmf_forecast_temp_f_hourly,Northlake University,Weather Reference,KSMF Sacramento International Airport,KSMF Forecast Temperature,degF,60,Temperature,Analog,60,,Enter,,,,,,,,,,,Not entered,
Baseline point,bl_nlu_science_electric_kwh_15m,Northlake University,Science Center,Science Center Electric Main,Science Center Electric kWh Baseline,kWh,15,,,15,,Generated by the baseline setting,,,,,,,,,,,Not entered,
Baseline point,bl_nlu_student_demand_kw_15m,Northlake University,Student Center,Student Center Electric Main,Student Center Demand kW Baseline,kW,15,,,15,,Generated by the baseline setting,,,,,,,,,,,Not entered,
Baseline point,bl_nlu_science_chw_ton_hours_hourly,Northlake University,Science Center,Science Center Chilled Water,Science Center Chilled Water Ton-Hours Baseline,ton_hours,60,,,60,,Generated by the baseline setting,,,,,,,,,,,Not entered,
Aggregate point,agg_nlu_campus_electric_kwh_15m,Northlake University,Northlake Main Campus,,Campus Interval Electric kWh Total,kWh,15,,,15,,Enter as an aggregate point,,,,,,,,,,,Not entered,
Aggregate point,agg_nlu_campus_electric_kw_15m,Northlake University,Northlake Main Campus,,Campus Coincident Electric kW,kW,15,,,15,,Enter as an aggregate point,,,,,,,,,,,Not entered,
Aggregate point,agg_nlu_campus_solar_generation_kwh_15m,Northlake University,Northlake Main Campus,,Campus PV Generated kWh,kWh,15,,,15,,Enter as an aggregate point,,,,,,,,,,,Not entered,
Aggregate point,agg_nlu_campus_chw_ton_hours_hourly,Northlake University,Northlake Main Campus,,Campus Chilled Water Delivered Ton-Hours,ton_hours,60,,,60,,Enter as an aggregate point,,,,,,,,,,,Not entered,
Aggregate point,agg_nlu_science_net_electric_kwh_15m,Northlake University,Science Center,,Science Center Net Electric kWh,kWh,15,,,15,,Enter as an aggregate point,,,,,,,,,,,Not entered,
Aggregate point,agg_cra_a_submeter_electric_kwh_60m,Cedar Row Apartments,Cedar Row A,,Cedar Row A Submetered kWh Total,kWh,60,,,60,,Enter as an aggregate point,,,,,,,,,,,Not entered,
Aggregate point,agg_cra_b_submeter_electric_kwh_60m,Cedar Row Apartments,Cedar Row B,,Cedar Row B Submetered kWh Total,kWh,60,,,60,,Enter as an aggregate point,,,,,,,,,,,Not entered,
